JobTitle,Location,Category,EducationLevel,EmploymentType,ExperienceLevel,Industry,ContracDuration,Shift,Compensation,JobType,PostedDate,JobDescription,JobURL
Special Education Teacher (LBS1) - 1.0 FTE - 25/26 SY -- $750 Semester Completion Bonus!!,"Palatine, Illinois",Category: Education,,Contract - Full Time,,,Contract Duration: 39 Weeks,Work Setting: Schools,Est. Pay: $1925 / Week,,Posted Date: 7/14/2025,"The Special Education Teacher, under the direction of the Special Education Program Administrator provides quality services to special education students, kindergarten through grade 12.  The Special Education Teacher has a commitment to team participation in planning and implementation of student programs including special instruction, tutorial assistance and consultation with general education staff.   
Minimum Requirements:  


Bachelor’s Degree from an accredited university preferred  
Valid state teaching certificate as required by state, contract/district regulations  
Minimum of one year experience in teaching environment preferred  
State Teacher Certification; Type: Standard Elementary Teaching preferred 
State Teacher Certification; Type: Standard Secondary Teaching preferred 
State Teacher Certification; Type: Standard Special Teaching preferred 
Endorsement: Learning Behavior Specialist (LBS1) preferred
Current CPR if applicable  
TB Questionnaire, PPD or chest x-ray if applicable  
Current Health certificate (per contract or state regulation)  
Must meet all federal, state and local requirements 
Must be at least 18 years of age 

Benefits
At Amergis, we firmly believe that our employees are the heartbeat of our organization and we are happy to offer the following benefits:


Competitive pay & weekly paychecks
Health, dental, vision, and life insurance
401(k) savings plan
Awards and recognition programs 

*Benefit eligibility is dependent on employment status. 
												
About Amergis
Amergis, formerly known as Maxim Healthcare Staffing, has served our clients and communities by connecting people to the work that matters since 1988. We provide meaningful opportunities to our extensive network of healthcare and school-based professionals, ready to work in any hospital, government facility, or school. Through partnership and innovation, Amergis creates unmatched staffing experiences to deliver the best workforce solutions.  
						
Amergis is an equal opportunity/affirmative action employer. All qualified applicants will receive consideration for employment without regard to sex, gender identity, sexual orientation, race, color, religion, national origin, disability, protected Veteran status, age, or any other characteristic protected by law.",https://careers.amergis.com/job/883131-special-education-teacher-lbs1-1-0-fte-25-26-sy-750-semester-completion-bonus-palatine-illinois/
Speech Language Pathologist - Schools - 2025/2026 School Year,"Pensacola, Florida",Category: Education,,Contract Duration: 39 Weeks,,,Contract Duration: 39 Weeks,Work Setting: Schools,Est. Pay: $1218 / Week,,Posted Date: 5/6/2025,"Speech Language Pathologists Needed in Pensacola, FL for the 2025/2026 School Year!
The Speech-Language Pathologist in the school setting isresponsible for performing student evaluations as well as providing anddocumenting therapy services in accordance with the plan of care developed foreach individual student and the physician’s orders. 
Minimum Requirements:


Active Speech Language Pathologist (SLP) Licensure in thestate of assignment required 
Certificate of Clinical Competence in Speech-LanguagePathology (CCC-SLP) preferred and may be required by state/contract. 
Current CPR if applicable 
TB questionnaire, PPD or chest x-ray if applicable  
Current Health certificate (per contract or stateregulation)  
Must meet all federal, state and local requirements 
Must be at least 18 years of age 


Benefits
At Amergis, we firmly believe that our employees are the heartbeat of our organization and we are happy to offer the following benefits:


Competitive pay & weekly paychecks
Health, dental, vision, and life insurance
401(k) savings plan
Awards and recognition programs 

*Benefit eligibility is dependent on employment status. 
												
About Amergis
Amergis, formerly known as Maxim Healthcare Staffing, has served our clients and communities by connecting people to the work that matters since 1988. We provide meaningful opportunities to our extensive network of healthcare and school-based professionals, ready to work in any hospital, government facility, or school. Through partnership and innovation, Amergis creates unmatched staffing experiences to deliver the best workforce solutions.  
						
Amergis is an equal opportunity/affirmative action employer. All qualified applicants will receive consideration for employment without regard to sex, gender identity, sexual orientation, race, color, religion, national origin, disability, protected Veteran status, age, or any other characteristic protected by law.",https://careers.amergis.com/job/869471-speech-language-pathologist-schools-2025-2026-school-year-pensacola-florida/
Physical Therapist (School) - ST,"Orlando, Florida",Category: Education,,Contract - Full Time,,,Contract Duration: 36 Weeks,Work Setting: Schools,Est. Pay: $1950 / Week,,Posted Date: 4/1/2025,"The Physical Therapist is responsible for performing studentevaluations, as well as providing and documenting therapy services inaccordance with plan of care developed for each student and per physician’sorders when applicable.  
Minimum Requirements: 


Current licensure as a Physical Therapist in the state ofpractice  
Graduate of an accredited school of Physical Therapy  
One (1) year of prior professional Physical Therapyexperience preferred 
Current CPR if applicable 
TB Questionnaire, PPD or chest x-ray if applicable  
Current Health certificate (per contract or stateregulation)  
Must meet all federal, state and local requirements 
Must be at least 18 years of age


Benefits
At Amergis, we firmly believe that our employees are the heartbeat of our organization and we are happy to offer the following benefits:


Competitive pay & weekly paychecks
Health, dental, vision, and life insurance
401(k) savings plan
Awards and recognition programs 

*Benefit eligibility is dependent on employment status. 
												
About Amergis
Amergis, formerly known as Maxim Healthcare Staffing, has served our clients and communities by connecting people to the work that matters since 1988. We provide meaningful opportunities to our extensive network of healthcare and school-based professionals, ready to work in any hospital, government facility, or school. Through partnership and innovation, Amergis creates unmatched staffing experiences to deliver the best workforce solutions.  
						
Amergis is an equal opportunity/affirmative action employer. All qualified applicants will receive consideration for employment without regard to sex, gender identity, sexual orientation, race, color, religion, national origin, disability, protected Veteran status, age, or any other characteristic protected by law.",https://careers.amergis.com/job/862780-physical-therapist-school-st-orlando-florida/
Mild/Mod Special Education Teacher 25/26 School Year,"Novato, California",Category: Education,,Contract - Full Time,,,Contract Duration: 36 Weeks,Work Setting: Schools,Est. Pay: $1687 / Week,,Posted Date: 5/16/2025,"The Special Education Teacher, under the direction of theSpecial Education Program Administrator provides quality services to specialeducation students, kindergarten through grade 12.  The Special Education Teacher has a commitmentto team participation in planning and implementation of student programsincluding special instruction, tutorial assistance and consultation withgeneral education staff.   
Minimum Requirements:  


Bachelor’s Degree from an accredited universitypreferred  
Valid state teaching certificate as required by state,contract/district regulations  
Minimum of one year experience in teaching environmentpreferred  
State Teacher Certification; Type: Standard ElementaryTeaching preferred 
State Teacher Certification; Type: Standard SecondaryTeaching preferred 
State Teacher Certification; Type: Standard Special Teachingpreferred 
Endorsement: Learning Behavior Specialist (LBS1) preferred
Current CPR if applicable 
TB Questionnaire, PPD or chest x-ray if applicable  
Current Health certificate (per contract or stateregulation)  
Must meet all federal, state and local requirements 
Must be at least 18 years of age 

Benefits
At Amergis, we firmly believe that our employees are the heartbeat of our organization and we are happy to offer the following benefits:


Competitive pay & weekly paychecks
Health, dental, vision, and life insurance
401(k) savings plan
Awards and recognition programs 

*Benefit eligibility is dependent on employment status. 
												
About Amergis
Amergis, formerly known as Maxim Healthcare Staffing, has served our clients and communities by connecting people to the work that matters since 1988. We provide meaningful opportunities to our extensive network of healthcare and school-based professionals, ready to work in any hospital, government facility, or school. Through partnership and innovation, Amergis creates unmatched staffing experiences to deliver the best workforce solutions.  
						
Amergis is an equal opportunity/affirmative action employer. All qualified applicants will receive consideration for employment without regard to sex, gender identity, sexual orientation, race, color, religion, national origin, disability, protected Veteran status, age, or any other characteristic protected by law.",https://careers.amergis.com/job/871591-mild-mod-special-education-teacher-25-26-school-year-novato-california/
Hiring Special Education Classroom Support,"Riverside, California",Category: Education,,Contract - Full Time,,,Contract Duration: 52 Weeks,Work Setting: Schools,Est. Pay: $21 / Hour,,Posted Date: 8/1/2025,"Amergis Healthcare Staffing is urgently seeking a Behavioral Classroom Aides to work in a school setting as a 1:1 or group classroom aide for the 25/26 school year!
The Behavior Technician or Instructional Aide works to facilitate educational and behavioral services with children and adults with special needs and collaborates with school professionals and other behavioral specialists to achieve learning and behavioral goals and objectives.
Essential Duties and Responsibilities:
 

At least 6 months of relevant experience r
Follows instructions from the BCBA, teacher, and/or program supervisor
Implements behavior management techniques in the form of prevention, intervention, and consequence strategies
Provides crisis intervention
Implements behavior intervention plans
Reviews and performs tasks to behavioral and ABA goals found within an IEP at the direction of an instructor
Strictly adheres to confidentiality requirements
Supports students across environments (i.e. classroom, playground, lunchroom, gym, sensory room, library, etc.)

Scheduling:

Monday – Friday
Morning & Day shifts
Pay Rate – up to $26/HR

Benefits
At Amergis, we firmly believe that our employees are the heartbeat of our organization and we are happy to offer the following benefits:


Competitive pay & weekly paychecks
Health, dental, vision, and life insurance
401(k) savings plan
Awards and recognition programs 

*Benefit eligibility is dependent on employment status. 
												
About Amergis
Amergis, formerly known as Maxim Healthcare Staffing, has served our clients and communities by connecting people to the work that matters since 1988. We provide meaningful opportunities to our extensive network of healthcare and school-based professionals, ready to work in any hospital, government facility, or school. Through partnership and innovation, Amergis creates unmatched staffing experiences to deliver the best workforce solutions.  
						
Amergis is an equal opportunity/affirmative action employer. All qualified applicants will receive consideration for employment without regard to sex, gender identity, sexual orientation, race, color, religion, national origin, disability, protected Veteran status, age, or any other characteristic protected by law.",https://careers.amergis.com/job/887818-hiring-special-education-classroom-support-riverside-california/
School Speech Language Pathologist - Full-Time - 2025/26 School Year,"Palatine, Illinois",Category: Education,,Contract - Part Time,,,Contract Duration: 39 Weeks,Work Setting: Schools,Est. Pay: $1950 / Week,,Posted Date: 6/17/2025,"The Speech-Language Pathologist in the school setting is responsible for performing student evaluations as well as providing and documenting therapy services in accordance with the plan of care developed for each individual student and the physician’s orders. 
Minimum Requirements:


Active Speech Language Pathologist (SLP) Licensure in the state of assignment required 
Certificate of Clinical Competence in Speech-Language Pathology (CCC-SLP) preferred and may be required by state/contract. 
Current CPR if applicable 
TB questionnaire, PPD or chest x-ray if applicable  
Current Health certificate (per contract or state regulation)  
Must meet all federal, state and local requirements 
Must be at least 18 years of age 


Benefits
At Amergis, we firmly believe that our employees are the heartbeat of our organization and we are happy to offer the following benefits:


Competitive pay & weekly paychecks
Health, dental, vision, and life insurance
401(k) savings plan
Awards and recognition programs 

*Benefit eligibility is dependent on employment status. 
												
About Amergis
Amergis, formerly known as Maxim Healthcare Staffing, has served our clients and communities by connecting people to the work that matters since 1988. We provide meaningful opportunities to our extensive network of healthcare and school-based professionals, ready to work in any hospital, government facility, or school. Through partnership and innovation, Amergis creates unmatched staffing experiences to deliver the best workforce solutions.  
						
Amergis is an equal opportunity/affirmative action employer. All qualified applicants will receive consideration for employment without regard to sex, gender identity, sexual orientation, race, color, religion, national origin, disability, protected Veteran status, age, or any other characteristic protected by law.",https://careers.amergis.com/job/877597-school-speech-language-pathologist-full-time-2025-26-school-year-palatine-illinois/
School Psychologist,"Escondido, California",Category: Education,,Contract Duration: 36 Weeks,,,Contract Duration: 36 Weeks,Work Setting: Schools,Est. Pay: $2400 / Week,,Posted Date: 7/22/2025,"Hello!  
? 
Amergis Staffing is currently seeking SchoolPsychologist for the 2025/2026 school year in 


         Escondido

·        
·         ***Not the job or location you are looking for? Wehave other jobs available! Email back with your resume and preferredlocation(s) for a personalized list of job optionsfor you!*** 
? 
Position Details:? 
Travel Weekly Pay: $2,400/gross weekly (Outside 50miles) 
Local Pay: $65/hr
Start Date:?8/19/25
Hours Per Week: 35 hours (Full Time) 
Schedule:?Monday- Friday 
Length:?2025/2026School Year 
 
Additional Details:?Weeklypay, Benefits – Medical/Dental/Vision 
? 
? 
Amergis Advantages 
We have offices in most major cities across thecountry 
Health/Dental/Vision Insurance available on 1st?of month 
WEEKLY pay through direct deposit 
Expense reimbursement for certifications and statelicenses  

Accessible via office phone, email, or text 


The School Psychologist works to support students through avariety of mental health and developmental issues and aids in qualifyingstudents for additional support services. The School Psychologist is responsible for providing on-sitepsychological services to students under the jurisdiction of the state anddistrict.  
Minimum Requirements: 


Must maintain current State licensures and/or certificationsin state of assignment  
Experience in pediatric and adolescent population ispreferred  
Master’s degree in psychology preferred  
Complies with all relevant professional standards ofpractice  
Current CPR if applicable 
TB questionnaire, PPD or chest x-ray if applicable  
Current Health certificate (per contract or stateregulation)  
Must meet all federal, state and local requirements  
Must be at least 18 years of age  

































Benefits
At Amergis, we firmly believe that our employees are the heartbeat of our organization and we are happy to offer the following benefits:


Competitive pay & weekly paychecks
Health, dental, vision, and life insurance
401(k) savings plan
Awards and recognition programs 

*Benefit eligibility is dependent on employment status. 
												
About Amergis
Amergis, formerly known as Maxim Healthcare Staffing, has served our clients and communities by connecting people to the work that matters since 1988. We provide meaningful opportunities to our extensive network of healthcare and school-based professionals, ready to work in any hospital, government facility, or school. Through partnership and innovation, Amergis creates unmatched staffing experiences to deliver the best workforce solutions.  
						
Amergis is an equal opportunity/affirmative action employer. All qualified applicants will receive consideration for employment without regard to sex, gender identity, sexual orientation, race, color, religion, national origin, disability, protected Veteran status, age, or any other characteristic protected by law.",https://careers.amergis.com/job/885090-school-psychologist-escondido-california/
School Psychologist 25/26 School Year,"Kennebunk, Maine",Category: Education,,Contract - Full Time,,,Contract Duration: 39 Weeks,Work Setting: Schools,Est. Pay: $3000 / Week,,Posted Date: 8/7/2025,"The School Psychologist works to support students through avariety of mental health and developmental issues and aids in qualifyingstudents for additional support services. The School Psychologist is responsible for providing on-sitepsychological services to students under the jurisdiction of the state anddistrict.  
Minimum Requirements: 


Must maintain current State licensures and/or certificationsin state of assignment  
Experience in pediatric and adolescent population ispreferred  
Master’s degree in psychology preferred  
Complies with all relevant professional standards ofpractice  
Current CPR if applicable 
TB questionnaire, PPD or chest x-ray if applicable  
Current Health certificate (per contract or stateregulation)  
Must meet all federal, state and local requirements  
Must be at least 18 years of age  

































Benefits
At Amergis, we firmly believe that our employees are the heartbeat of our organization and we are happy to offer the following benefits:


Competitive pay & weekly paychecks
Health, dental, vision, and life insurance
401(k) savings plan
Awards and recognition programs 

*Benefit eligibility is dependent on employment status. 
												
About Amergis
Amergis, formerly known as Maxim Healthcare Staffing, has served our clients and communities by connecting people to the work that matters since 1988. We provide meaningful opportunities to our extensive network of healthcare and school-based professionals, ready to work in any hospital, government facility, or school. Through partnership and innovation, Amergis creates unmatched staffing experiences to deliver the best workforce solutions.  
						
Amergis is an equal opportunity/affirmative action employer. All qualified applicants will receive consideration for employment without regard to sex, gender identity, sexual orientation, race, color, religion, national origin, disability, protected Veteran status, age, or any other characteristic protected by law.",https://careers.amergis.com/job/888906-school-psychologist-25-26-school-year-kennebunk-maine/
School Psychologist $60-70/hour,"Kennewick, Washington",Category: Education,,Contract Duration: 40 Weeks,,,Contract Duration: 40 Weeks,Work Setting: Schools,Est. Pay: $2637 / Week,,Posted Date: 5/21/2025,"The School Psychologist works to support students through avariety of mental health and developmental issues and aid in qualifyingstudents for additional support services. The School Psychologist is responsible for providing on-sitepsychological services to students under the jurisdiction of the state anddistrict.  
Minimum Requirements: 


Must maintain current State licensures and/or certificationsin state of assignment  
Experience in pediatric and adolescent population ispreferred  
Master’s degree in psychology preferred 
Current CPR if applicable 
TB Questionnaire, PPD or chest x-ray if applicable  
Current Health certificate (per contract or stateregulation)  
Must meet all federal, state and local requirements 
Must be at least 18 years of age  
































Benefits
At Amergis, we firmly believe that our employees are the heartbeat of our organization and we are happy to offer the following benefits:


Competitive pay & weekly paychecks
Health, dental, vision, and life insurance
401(k) savings plan
Awards and recognition programs 

*Benefit eligibility is dependent on employment status. 
												
About Amergis
Amergis, formerly known as Maxim Healthcare Staffing, has served our clients and communities by connecting people to the work that matters since 1988. We provide meaningful opportunities to our extensive network of healthcare and school-based professionals, ready to work in any hospital, government facility, or school. Through partnership and innovation, Amergis creates unmatched staffing experiences to deliver the best workforce solutions.  
						
Amergis is an equal opportunity/affirmative action employer. All qualified applicants will receive consideration for employment without regard to sex, gender identity, sexual orientation, race, color, religion, national origin, disability, protected Veteran status, age, or any other characteristic protected by law.",https://careers.amergis.com/job/872577-school-psychologist-60-70-hour-kennewick-washington/
Behavior Technician - Bilingual Turkish - School Year 25-26 -  Pay $ 25/Hr.,"Park Ridge, Illinois",Category: Education,,Contract - Full Time,,,Contract Duration: 36 Weeks,Work Setting: Schools,Est. Pay: $875 / Week,,Posted Date: 8/1/2025,"Modality:  


Bilingual TA – Turkish




Grade Level:


High School




Start/End date:


Aug 18th 2025 – EOY




Start/End time:


7:30am-3:30pm





The Behavior Technician works to facilitate educational andbehavioral services with children and adults with special needs andcollaborates with school professionals and other behavioral specialists toachieve learning and behavioral goals and objectives. 
Minimum Requirements:


High School diploma or equivalent required 
Two (2) years of pediatric experience preferred
Current CPR if applicable 
TB questionnaire, PPD or chest x-ray if applicable   
Must meet all federal, state and local requirements 
Must be at least 18 years of age



Benefits
At Amergis, we firmly believe that our employees are the heartbeat of our organization and we are happy to offer the following benefits:


Competitive pay & weekly paychecks
Health, dental, vision, and life insurance
401(k) savings plan
Awards and recognition programs 

*Benefit eligibility is dependent on employment status. 
												
About Amergis
Amergis, formerly known as Maxim Healthcare Staffing, has served our clients and communities by connecting people to the work that matters since 1988. We provide meaningful opportunities to our extensive network of healthcare and school-based professionals, ready to work in any hospital, government facility, or school. Through partnership and innovation, Amergis creates unmatched staffing experiences to deliver the best workforce solutions.  
						
Amergis is an equal opportunity/affirmative action employer. All qualified applicants will receive consideration for employment without regard to sex, gender identity, sexual orientation, race, color, religion, national origin, disability, protected Veteran status, age, or any other characteristic protected by law.",https://careers.amergis.com/job/887682-behavior-technician-bilingual-turkish-school-year-25-26-pay-25-hr-park-ridge-illinois/
2025-2026 School Behavior Technician,"El Monte, California",Category: Education,,Contract - Part Time,,,Contract Duration: 24 Weeks,Work Setting: Schools,Est. Pay: $690 / Week,,Posted Date: 7/29/2025,"The Behavior Technician works to facilitate educational andbehavioral services with children and adults with special needs andcollaborates with school professionals and other behavioral specialists toachieve learning and behavioral goals and objectives. 
Minimum Requirements:


High School diploma or equivalent required 
Two (2) years of pediatric experience preferred
Current CPR if applicable 
TB questionnaire, PPD or chest x-ray if applicable   
Must meet all federal, state and local requirements 
Must be at least 18 years of age


Pay rate: $20-$25



Benefits
At Amergis, we firmly believe that our employees are the heartbeat of our organization and we are happy to offer the following benefits:


Competitive pay & weekly paychecks
Health, dental, vision, and life insurance
401(k) savings plan
Awards and recognition programs 

*Benefit eligibility is dependent on employment status. 
												
About Amergis
Amergis, formerly known as Maxim Healthcare Staffing, has served our clients and communities by connecting people to the work that matters since 1988. We provide meaningful opportunities to our extensive network of healthcare and school-based professionals, ready to work in any hospital, government facility, or school. Through partnership and innovation, Amergis creates unmatched staffing experiences to deliver the best workforce solutions.  
						
Amergis is an equal opportunity/affirmative action employer. All qualified applicants will receive consideration for employment without regard to sex, gender identity, sexual orientation, race, color, religion, national origin, disability, protected Veteran status, age, or any other characteristic protected by law.",https://careers.amergis.com/job/886667-2025-2026-school-behavior-technician-el-monte-california/
Hiring SLPAs - 25/26 School Year!,"San Luis Obispo, California",Category: Education,,Contract Duration: 39 Weeks,,,Contract Duration: 39 Weeks,Work Setting: Schools,Est. Pay: $2450 / Week,,Posted Date: 5/21/2025,"Pay ranges from $50-$60/hr based on location and experience! Travel packages are available for those who qualify! 35-40/hrs a week!
The Speech Language Pathologist Assistant assists the Speech Language Pathologist in providing speech and language services. The Speech Language Pathologist Assistant will have clinical, educational, documentation, and treatment related activities while working within the scope of responsibilities/ plan of care assigned by the Speech Language Pathologist and/or physician.  
Minimum Requirements: 


Must be a graduate of a SLPA program with an associate’s degree, or have a bachelor’s degree in a speech-language pathology or communication disorders program  
Successful completion of a minimum of 100 hours of supervised field work experience or its clinical experience equivalent as required by state and/or contract 
Current certification or licensure as a Speech-Language Pathology Assistant in the State of California
One (1) year of prior professional Speech-Language Pathology Assistant experience preferred
TB Questionnaire, PPD or chest x-ray if applicable  
Current Health certificate (per contract or state regulation)  
Must meet all federal, state and local requirements 
Must be at least 18 years of age


Benefits
At Amergis, we firmly believe that our employees are the heartbeat of our organization and we are happy to offer the following benefits:


Competitive pay & weekly paychecks
Health, dental, vision, and life insurance
401(k) savings plan
Awards and recognition programs 

*Benefit eligibility is dependent on employment status. 
												
About Amergis
Amergis, formerly known as Maxim Healthcare Staffing, has served our clients and communities by connecting people to the work that matters since 1988. We provide meaningful opportunities to our extensive network of healthcare and school-based professionals, ready to work in any hospital, government facility, or school. Through partnership and innovation, Amergis creates unmatched staffing experiences to deliver the best workforce solutions.  
						
Amergis is an equal opportunity/affirmative action employer. All qualified applicants will receive consideration for employment without regard to sex, gender identity, sexual orientation, race, color, religion, national origin, disability, protected Veteran status, age, or any other characteristic protected by law.",https://careers.amergis.com/job/872528-hiring-slpas-25-26-school-year-san-luis-obispo-california/
Special Education Teacher,"Beaufort, South Carolina",Category: Education,,Contract - Full Time,,,Contract Duration: 42 Weeks,Work Setting: Schools,Est. Pay: $1912 / Week,,Posted Date: 7/13/2025,"Amergis Educational Staffing is seeking a Special Education Teacher for the 25/26 school year. 

Contract Details:


’25-’26 School Year Contract (42 weeks)
SPED Teaching Certification Required
Full Time In-Person | M-F 37.5 Hrs.
Active South Carolina, U.S. Teaching Certification Required





Amergis offers the following benefits:


Medical, Dental, Vision, and Life Insurance
401k Program
Competitive (weekly) Pay



To apply email your resume to doschaib@amergis.comor call 813-371-5161






Benefits
At Amergis, we firmly believe that our employees are the heartbeat of our organization and we are happy to offer the following benefits:


Competitive pay & weekly paychecks
Health, dental, vision, and life insurance
401(k) savings plan
Awards and recognition programs 

*Benefit eligibility is dependent on employment status. 
												
About Amergis
Amergis, formerly known as Maxim Healthcare Staffing, has served our clients and communities by connecting people to the work that matters since 1988. We provide meaningful opportunities to our extensive network of healthcare and school-based professionals, ready to work in any hospital, government facility, or school. Through partnership and innovation, Amergis creates unmatched staffing experiences to deliver the best workforce solutions.  
						
Amergis is an equal opportunity/affirmative action employer. All qualified applicants will receive consideration for employment without regard to sex, gender identity, sexual orientation, race, color, religion, national origin, disability, protected Veteran status, age, or any other characteristic protected by law.",https://careers.amergis.com/job/883050-special-education-teacher-beaufort-south-carolina/
Health School RN 25/26 School Year,"La Plata, Maryland",Category: Education,,Contract Duration: 36 Weeks,,,Contract Duration: 36 Weeks,Work Setting: Schools,Est. Pay: $1700 / Week,,Posted Date: 6/30/2025,"The School Registered Nurse oversees the application of thenursing process and the delivery of student care in a school setting. TheSchool RN supports the physical, mental and emotional well-being of studentswithin the school setting. The School RN plays an essential role in promotingthe health and safety, responding to medical emergencies, managing chronicconditions and serving as a liaison between families, school staff andhealthcare providers. The School RN provides services in accordance with Amergis’philosophy, standards, policies and physician orders.   
Minimum Requirements:  


Current Registered Nurse (RN) license in the state ofemployment 
Bachelor’s Degree, preferred 
School Nurse Certification as required by state or contract 
One year of school nursing, public health or pediatricexperience, preferred   
Complies with all relevant professional standards ofpractice   
Current CPR if applicable 
TB questionnaire, PPD or chest x-ray if applicable   
Current Health certificate (per contract or stateregulation)   
Must meet all federal, state and local requirements   
Must be at least 18 years of age  



Benefits
At Amergis, we firmly believe that our employees are the heartbeat of our organization and we are happy to offer the following benefits:


Competitive pay & weekly paychecks
Health, dental, vision, and life insurance
401(k) savings plan
Awards and recognition programs 

*Benefit eligibility is dependent on employment status. 
												
About Amergis
Amergis, formerly known as Maxim Healthcare Staffing, has served our clients and communities by connecting people to the work that matters since 1988. We provide meaningful opportunities to our extensive network of healthcare and school-based professionals, ready to work in any hospital, government facility, or school. Through partnership and innovation, Amergis creates unmatched staffing experiences to deliver the best workforce solutions.  
						
Amergis is an equal opportunity/affirmative action employer. All qualified applicants will receive consideration for employment without regard to sex, gender identity, sexual orientation, race, color, religion, national origin, disability, protected Veteran status, age, or any other characteristic protected by law.",https://careers.amergis.com/job/880401-health-school-rn-25-26-school-year-la-plata-maryland/
Now Hiring Speech Language Pathologists,"Lompoc, California",Category: Education,,Contract Duration: 39 Weeks,,,Contract Duration: 39 Weeks,Work Setting: Schools,Est. Pay: $2016 / Week,,Posted Date: 7/21/2025,"Amergis Staffing is currently seeking Speech Language Pathologists for the 2025/2026 school year in the Lompoc, CA and surrounding areas in California.
 
The Speech-Language Pathologist in the school setting is responsible for performing student evaluations as well as providing and documenting therapy services in accordance with the plan of care developed for each individual student and the physician’s orders.

Position Details: 
 
Pay: $4,029 (Travel weekly pay for candidates 50+ miles)
Local Pay: $100 / hour
Schedule: Monday – Friday
Hours/Week: 37.5 hours
Start Date: August 2025
Length: 2025/2026 School Year
Details: School/Education setting, K-12th grade, In-person 

Essential Duties and Responsibilities:


Assesses students’ communication skills (e.g. articulations, fluency, voice, expressive and receptive language, etc.) for the purpose of identifying communication disorders, determining program eligibility and developing recommendations for treatment
Collaborates with a variety of groups and/or individuals for the purpose of communicating information, resolving issues and providing services in compliance with established guidelines
Coordinates meetings and processes for eligible students (e.g. testing/screening, IEPs, parent conferences, pre-referral staffing, etc.) for the purpose of presenting evaluation results, developing treatment plans, and/or providing training to parents/students/staff
Develops treatment plans, interventions and/or educational materials for the purpose of minimizing the adverse impact of communication disorders in compliance with regulatory requirements
Instructs eligible students in the use of appropriate communication technologies (e.g. hearing aids, FM systems, augmentative communication devices, etc.) 
Maintains files and/or records (e.g. progress reports, activity logs, billing information, treatment plans, required documentation, quarterly reports, screening results, etc.) 
Participates in meetings, workshops, and seminars (e.g. training, IEPs, team meetings, etc.) 
Provides speech and language therapy to students for the purpose of minimizing the adverse impact of speech and language disorders on student success • Seeks appropriate in-service and professional development 
Performs other duties as assigned/necessary


Minimum Requirements:

Active Speech Language Pathologist (SLP) Licensure in the state of assignment required
Certificate of Clinical Competence in Speech-Language Pathology (CCC-SLP) preferred and may be required by state/contract. 
Current CPR if applicable
TB questionnaire, PPD or chest x-ray if applicable 
Current Health certificate (per contract or state regulation) 
Must meet all federal, state and local requirements 
Must be at least 18 years of age 

 
Amergis Advantages
We have offices in most major cities across the country
Premium pay rates with tax advantage compensation
Health/Dental/Vision Insurance available on 1st of month
Weekly pay through direct deposit
Accessible via office phone, email, or text

Feel free to reach out to me for additional options & questions – contact info listed below.
Phone/Text: 813-371-7160

Email: anfuhrma@amergis.com


Benefits
At Amergis, we firmly believe that our employees are the heartbeat of our organization and we are happy to offer the following benefits:


Competitive pay & weekly paychecks
Health, dental, vision, and life insurance
401(k) savings plan
Awards and recognition programs 

*Benefit eligibility is dependent on employment status. 
												
About Amergis
Amergis, formerly known as Maxim Healthcare Staffing, has served our clients and communities by connecting people to the work that matters since 1988. We provide meaningful opportunities to our extensive network of healthcare and school-based professionals, ready to work in any hospital, government facility, or school. Through partnership and innovation, Amergis creates unmatched staffing experiences to deliver the best workforce solutions.  
						
Amergis is an equal opportunity/affirmative action employer. All qualified applicants will receive consideration for employment without regard to sex, gender identity, sexual orientation, race, color, religion, national origin, disability, protected Veteran status, age, or any other characteristic protected by law.",https://careers.amergis.com/job/884728-now-hiring-speech-language-pathologists-lompoc-california/
LPN School Nurse - 2025-2026 School Year,"Land O Lakes, Florida",Category: Education,,Contract - Full Time,,,Contract Duration: 39 Weeks,Work Setting: Schools,Est. Pay: $28 / Hour,,Posted Date: 4/29/2025,"LPN School Nurses Needed in Pasco County for the 2025-2026 School Year!
The School Nurse assumesresponsibility and accountability for the application of the nursing processand the delivery of student/client care and/or contracted services in a schoolsetting. The School Nurse may also be in a supervisory position within the contractedservices. The School Nurse provides services in accordance with Amergis Healthcare Staffing’s philosophy, standards, policies and physician orders. 
 Minimum Requirements:


Graduate of an accreditedregistered, practical or vocational nursing program 
Licensed as a LicensedPractical, Licensed Vocational or Registered Nurse in state(s) where practicing
One year of professionalexperience, preferred
Current CPR 
PPD or chest x-ray if applicable
Current Health certificate (percontract or state regulation) 
Must meet all federal, state andlocal requirements
Must be at least 18 years of age 









Benefits
At Amergis, we firmly believe that our employees are the heartbeat of our organization and we are happy to offer the following benefits:


Competitive pay & weekly paychecks
Health, dental, vision, and life insurance
401(k) savings plan
Awards and recognition programs 

*Benefit eligibility is dependent on employment status. 
												
About Amergis
Amergis, formerly known as Maxim Healthcare Staffing, has served our clients and communities by connecting people to the work that matters since 1988. We provide meaningful opportunities to our extensive network of healthcare and school-based professionals, ready to work in any hospital, government facility, or school. Through partnership and innovation, Amergis creates unmatched staffing experiences to deliver the best workforce solutions.  
						
Amergis is an equal opportunity/affirmative action employer. All qualified applicants will receive consideration for employment without regard to sex, gender identity, sexual orientation, race, color, religion, national origin, disability, protected Veteran status, age, or any other characteristic protected by law.",https://careers.amergis.com/job/868096-lpn-school-nurse-2025-2026-school-year-land-o-lakes-florida/
Paraprofessional $18/hr,"Papillion, Nebraska",Category: Education,,Contract - Full Time,,,Contract Duration: 32 Weeks,Work Setting: Schools,Est. Pay: $18 / Hour,,Posted Date: 8/4/2025,"The School Aide is an individual who works with studentsrequiring instructional, and/or behavioral assistance under the supervision ofthe special education department, teacher and/or supervising designee.  The School Aide may also provide supportservices to assist students with personal, physical mobility and therapeuticcare needs, as established by a rehabilitation health practitioner, socialworker or other health care professional. 
Minimum Requirements: 


High School diploma or equivalent required 
Comply with all relevant professional standards ofpractice  
Current CPR if applicable 
TB questionnaire, PPD or chest x-ray if applicable  
Current Health certificate (per contract or stateregulation)  
Must meet all federal, state and local requirements   
Must be at least 18 years of age  



Benefits
At Amergis, we firmly believe that our employees are the heartbeat of our organization and we are happy to offer the following benefits:


Competitive pay & weekly paychecks
Health, dental, vision, and life insurance
401(k) savings plan
Awards and recognition programs 

*Benefit eligibility is dependent on employment status. 
												
About Amergis
Amergis, formerly known as Maxim Healthcare Staffing, has served our clients and communities by connecting people to the work that matters since 1988. We provide meaningful opportunities to our extensive network of healthcare and school-based professionals, ready to work in any hospital, government facility, or school. Through partnership and innovation, Amergis creates unmatched staffing experiences to deliver the best workforce solutions.  
						
Amergis is an equal opportunity/affirmative action employer. All qualified applicants will receive consideration for employment without regard to sex, gender identity, sexual orientation, race, color, religion, national origin, disability, protected Veteran status, age, or any other characteristic protected by law.",https://careers.amergis.com/job/887902-paraprofessional-18-hr-papillion-nebraska/
Speech Language Pathologist Assistant (School),"Oxnard, California",Category: Education,,Contract - Full Time,,,Contract Duration: 32 Weeks,Work Setting: Schools,Est. Pay: $2080 / Week,,Posted Date: 2/24/2025,"The Speech Language Pathologist Assistant assists the SpeechLanguage Pathologist in providing speech and language services. The SpeechLanguage Pathologist Assistant will have clinical, educational, documentation,and treatment related activities while working within the scope ofresponsibilities/ plan of care assigned by the Speech Language Pathologistand/or physician.  
Minimum Requirements: 


Must be a graduate of a SLPA program with an associate’s degree,or have a bachelor’s degree in a speech-language pathology or communicationdisorders program  
Successful completion of a minimum of 100 hours ofsupervised field work experience or its clinical experience equivalent asrequired by state and/or contract 
Current certification or licensure as a Speech-LanguagePathology Assistant in the State of Practice 
One (1) year of prior professional Speech-Language PathologyAssistant experience preferred; 
TB Questionnaire, PPD or chest x-ray if applicable  
Current Health certificate (per contract or stateregulation)  
Must meet all federal, state and local requirements 
Must be at least 18 years of age


Benefits
At Amergis, we firmly believe that our employees are the heartbeat of our organization and we are happy to offer the following benefits:


Competitive pay & weekly paychecks
Health, dental, vision, and life insurance
401(k) savings plan
Awards and recognition programs 

*Benefit eligibility is dependent on employment status. 
												
About Amergis
Amergis, formerly known as Maxim Healthcare Staffing, has served our clients and communities by connecting people to the work that matters since 1988. We provide meaningful opportunities to our extensive network of healthcare and school-based professionals, ready to work in any hospital, government facility, or school. Through partnership and innovation, Amergis creates unmatched staffing experiences to deliver the best workforce solutions.  
						
Amergis is an equal opportunity/affirmative action employer. All qualified applicants will receive consideration for employment without regard to sex, gender identity, sexual orientation, race, color, religion, national origin, disability, protected Veteran status, age, or any other characteristic protected by law.",https://careers.amergis.com/job/856832-speech-language-pathologist-assistant-school-oxnard-california/
Special Education Teacher Largo MD,"Largo, Maryland",Category: Education,,Contract - Full Time,,,Contract Duration: 39 Weeks,Work Setting: Schools,Est. Pay: $45 / Hour,,Posted Date: 7/29/2025,"The Special Education Teacher, under the direction of theSpecial Education Program Administrator provides quality services to specialeducation students, kindergarten through grade 12.  The Special Education Teacher has acommitment to team participation in planning and implementation of studentprograms including special instruction, tutorial assistance and consultationwith general education staff.   
Minimum Requirements:  


Bachelor’s Degree from an accredited universitypreferred  
Valid state teaching certificate as required by state,contract/district regulations  
Minimum of one year experience in teaching environmentpreferred  
State Teacher Certification; Type: Standard ElementaryTeaching preferred 
State Teacher Certification; Type: Standard SecondaryTeaching preferred 
State Teacher Certification; Type: Standard Special Teachingpreferred 
Endorsement: Learning Behavior Specialist (LBS1) preferred 
Complies with all relevant professional standards ofpractice  
Current CPR if applicable 
TB questionnaire, PPD or chest x-ray if applicable  
Current Health certificate (per contract or stateregulation)  
Must meet all federal, state and local requirements  
Must be at least 18 years of age  


Benefits
At Amergis, we firmly believe that our employees are the heartbeat of our organization and we are happy to offer the following benefits:


Competitive pay & weekly paychecks
Health, dental, vision, and life insurance
401(k) savings plan
Awards and recognition programs 

*Benefit eligibility is dependent on employment status. 
												
About Amergis
Amergis, formerly known as Maxim Healthcare Staffing, has served our clients and communities by connecting people to the work that matters since 1988. We provide meaningful opportunities to our extensive network of healthcare and school-based professionals, ready to work in any hospital, government facility, or school. Through partnership and innovation, Amergis creates unmatched staffing experiences to deliver the best workforce solutions.  
						
Amergis is an equal opportunity/affirmative action employer. All qualified applicants will receive consideration for employment without regard to sex, gender identity, sexual orientation, race, color, religion, national origin, disability, protected Veteran status, age, or any other characteristic protected by law.",https://careers.amergis.com/job/886715-special-education-teacher-largo-md-largo-maryland/
Alternative Education Teacher,"Manitowoc, Wisconsin",Category: Education,,Contract - Full Time,,,Contract Duration: 36 Weeks,Work Setting: Schools,Est. Pay: $55 / Hour,,Posted Date: 8/5/2025,"?? Inspire Change as an Alternative Education Teacher??
?? Manitowoc, WI | ?? High School Level | ?? Starting at $1600/week | ?? 40 hrs/week
Are you an innovative educator who believes in the power of hands-on learning and character development? Join our team in Manitowoc, WI, and help shape the future of students through alternative education that focuses on Math, Reading, and Wellness.
?? Position Details:

Role: Alternative Education Teacher
Location: Manitowoc, Wisconsin
Start Date: August 2025
Contract Length: Full 2025–2026 school year
Modality: In-person
Schedule: Typical school shift (Monday–Friday)
Hours: 40 hours/week
Pay: Starting at $1600/week

?? What You’ll Do:

Teach core subjects—Math and Reading—in a dynamic, activity-based learning environment.
Work with smaller class sizes to provide personalized instruction.
Promote character development and wellness as key components of student success.
Engage students through hands-on learning and real-world applications.
Collaborate with staff to support students’ academic and personal growth.

? What We’re Looking For:

Bachelor’s degree required
Experience in general education and hands-on teaching methods
Passion for working with high school students in alternative settings
Must hold or be eligible for Wisconsin DPI licensure
Strong communication, empathy, and classroom management skills

?? Why Manitowoc?
Enjoy the charm of a lakeside community with a strong commitment to education, innovation, and student well-being.
Ready to make a meaningful impact?Apply today and help students discover their strengths, build resilience, and thrive—inside and outside the classroom.
Benefits
At Amergis, we firmly believe that our employees are the heartbeat of our organization and we are happy to offer the following benefits:


Competitive pay & weekly paychecks
Health, dental, vision, and life insurance
401(k) savings plan
Awards and recognition programs 

*Benefit eligibility is dependent on employment status. 
												
About Amergis
Amergis, formerly known as Maxim Healthcare Staffing, has served our clients and communities by connecting people to the work that matters since 1988. We provide meaningful opportunities to our extensive network of healthcare and school-based professionals, ready to work in any hospital, government facility, or school. Through partnership and innovation, Amergis creates unmatched staffing experiences to deliver the best workforce solutions.  
						
Amergis is an equal opportunity/affirmative action employer. All qualified applicants will receive consideration for employment without regard to sex, gender identity, sexual orientation, race, color, religion, national origin, disability, protected Veteran status, age, or any other characteristic protected by law.",https://careers.amergis.com/job/888259-alternative-education-teacher-manitowoc-wisconsin/
Behavior Technician - ST,"Atascadero, California",Category: Education,,Contract - Full Time,,,Contract Duration: 36 Weeks,Work Setting: Schools,Est. Pay: $812 / Week,,Posted Date: 7/17/2025,"Amergis Staffing is currentlyseeking  Behavior Tech for the 2025/26  school year in the Atascadero,CA area.
 
Position Details: Working with kids with behavioralissues, Must be willing to work with kids of all ages
 
Schedule: Monday – Friday
Hours/Week: 32.5hours Weekly
Start Date: 8/11/2025
Length: 25/26 School Year
Details: In Person 
Pay Rate: $25.00
 Feel free to contact me ifyou are interested. Email: Cebattle@amergis.comor Phone: (813) 462-3553
 
 Amergis Advantages
Weekly pay through directdeposit
We have offices in most majorcities across the country
Premium pay rates with taxadvantage compensation
Health/Dental/Vision Insuranceavailable on 1st of month
Fully furnished, private housingavailable (pets are welcomed)
Expense reimbursement for traveland state licensure available
Accessible via office phone,email, or text

Emergency, On-call line,available 24/7





The Behavior Technician works to facilitate educational andbehavioral services with children and adults with special needs andcollaborates with school professionals and other behavioral specialists toachieve learning and behavioral goals and objectives.
Minimum Requirements:


High School diploma or equivalent required 
Two (2) years of pediatric experience preferred
Current CPR if applicable 
TB questionnaire, PPD or chest x-ray if applicable   
Must meet all federal, state and local requirements 
Must be at least 18 years of age



Benefits
At Amergis, we firmly believe that our employees are the heartbeat of our organization and we are happy to offer the following benefits:


Competitive pay & weekly paychecks
Health, dental, vision, and life insurance
401(k) savings plan
Awards and recognition programs 

*Benefit eligibility is dependent on employment status. 
												
About Amergis
Amergis, formerly known as Maxim Healthcare Staffing, has served our clients and communities by connecting people to the work that matters since 1988. We provide meaningful opportunities to our extensive network of healthcare and school-based professionals, ready to work in any hospital, government facility, or school. Through partnership and innovation, Amergis creates unmatched staffing experiences to deliver the best workforce solutions.  
						
Amergis is an equal opportunity/affirmative action employer. All qualified applicants will receive consideration for employment without regard to sex, gender identity, sexual orientation, race, color, religion, national origin, disability, protected Veteran status, age, or any other characteristic protected by law.",https://careers.amergis.com/job/884057-behavior-technician-st-atascadero-california/
Aides for After School Program in Lodi and Stockton!!,"Lodi, California",Category: Education,,Contract - Part Time,,,Contract Duration: 46 Weeks,Work Setting: Schools,Est. Pay: $450 / Week,,Posted Date: 6/19/2025,"Amergis Educational Staffing is seeking staff for K-12 schools After School Programs in Lodi and Stockton, CA. The staff will work with students in general education as well as student who receive special education or related services, have a 504 plan, or are in a Special Education Classroom.
Some cases include:

Autism Spectrum Disorder (ASD)
Pervasive Developmental Disorder Not Otherwise Specified (PDDNOS)
Childhood Disintegrative Disorder (CDD)
Cerebral Palsy
Down Syndrome
Various birth disorders
ADD/ADHD
Learning disabilities
Other

Location: Lodi or Stockton, CA
Start Date: July 29th 2025
Duration: Entire School Year +
Schedule: Monday-Friday after school hours (between 11am and 5pm)

Part-time options available

Pay: $18+ an hour starting rate (varies based on experience)
Essential Duties and Responsibilities:

Assisting with academic support: Helping students with homework and reinforcing core academic subjects
Leading enrichment activities: Facilitating activities such as arts, music, health, nutrition, and physical recreation
Supervising students: Ensuring a safe and positive environment for learning and recreation 
Managing behavior: Addressing and guiding student behavior to maintain an optimal learning atmosphere
Maintaining records: Keeping track of attendance, activities, and other program-related documentation 
Follow the instructions of the program supervisor
Provide behavior assistance/interventions to students
Provide behavior support services
Provide crisis intervention
Implement behavior plans
Provide administrative support to teachers
Monitor child development
Prepare educational materials
Collect and analyze data on student behavior and progress
Assist with mobility and daily activities
Offer social support and help with social skills development
Perform other duties as assigned/necessary

Minimum Requirements:


Must be at least 18 years of age
High School diploma or equivalent required
Current CPR certification (we can help you sign up for a class)
Ability to effectively elicit/provide information to and from appropriate individuals (including, but not limited to, supervisors, co-workers, clients) via strong communication skills; proficiency in the English language may be required
TB test required (if you do not have one from within the last 90 days, we can set one up for you)




Benefits
At Amergis, we firmly believe that our employees are the heartbeat of our organization and we are happy to offer the following benefits:


Competitive pay & weekly paychecks
Health, dental, vision, and life insurance
401(k) savings plan
Awards and recognition programs 

*Benefit eligibility is dependent on employment status. 
												
About Amergis
Amergis, formerly known as Maxim Healthcare Staffing, has served our clients and communities by connecting people to the work that matters since 1988. We provide meaningful opportunities to our extensive network of healthcare and school-based professionals, ready to work in any hospital, government facility, or school. Through partnership and innovation, Amergis creates unmatched staffing experiences to deliver the best workforce solutions.  
						
Amergis is an equal opportunity/affirmative action employer. All qualified applicants will receive consideration for employment without regard to sex, gender identity, sexual orientation, race, color, religion, national origin, disability, protected Veteran status, age, or any other characteristic protected by law.",https://careers.amergis.com/job/878319-aides-for-after-school-program-in-lodi-and-stockton-lodi-california/
Physical Therapist (School) 25/26 SY,"Roseburg, Oregon",Category: Education,,Contract Duration: 39 Weeks,,,Contract Duration: 39 Weeks,Work Setting: Schools,Est. Pay: $2419 / Week,,Posted Date: 3/10/2025,"The Physical Therapist is responsible for performing studentevaluations, as well as providing and documenting therapy services inaccordance with plan of care developed for each student and per physician’sorders when applicable.  
Minimum Requirements: 


Current licensure as a Physical Therapist in the state ofpractice  
Graduate of an accredited school of Physical Therapy  
One (1) year of prior professional Physical Therapyexperience preferred 
Current CPR if applicable 
TB Questionnaire, PPD or chest x-ray if applicable  
Current Health certificate (per contract or stateregulation)  
Must meet all federal, state and local requirements 
Must be at least 18 years of age
Active OR PT license orability to obtain
Previous pediatric/schools experience preferred
Commute required  


Benefits
At Amergis, we firmly believe that our employees are the heartbeat of our organization and we are happy to offer the following benefits:


Competitive pay & weekly paychecks
Health, dental, vision, and life insurance
401(k) savings plan
Awards and recognition programs 

*Benefit eligibility is dependent on employment status. 
												
About Amergis
Amergis, formerly known as Maxim Healthcare Staffing, has served our clients and communities by connecting people to the work that matters since 1988. We provide meaningful opportunities to our extensive network of healthcare and school-based professionals, ready to work in any hospital, government facility, or school. Through partnership and innovation, Amergis creates unmatched staffing experiences to deliver the best workforce solutions.  
						
Amergis is an equal opportunity/affirmative action employer. All qualified applicants will receive consideration for employment without regard to sex, gender identity, sexual orientation, race, color, religion, national origin, disability, protected Veteran status, age, or any other characteristic protected by law.",https://careers.amergis.com/job/859187-physical-therapist-school-25-26-sy-roseburg-oregon/
Registered Nurse - School Setting,"Chula Vista, California",Category: Education,,Contract - Full Time,,,Contract Duration: 36 Weeks,Work Setting: Schools,Est. Pay: $1575 / Week,,Posted Date: 7/17/2025,"The School Registered Nurse oversees the application of thenursing process and the delivery of student care in a school setting. TheSchool RN supports the physical, mental and emotional well-being of studentswithin the school setting. The School RN plays an essential role in promotingthe health and safety, responding to medical emergencies, managing chronicconditions and serving as a liaison between families, school staff andhealthcare providers. The School RN provides services in accordance with Amergis’philosophy, standards, policies and physician orders.   
Minimum Requirements:  


Current Registered Nurse (RN) license in the state ofemployment 
Bachelor’s Degree, preferred 
School Nurse Certification as required by state or contract 
One year of school nursing, public health or pediatricexperience, preferred   
Complies with all relevant professional standards ofpractice   
Current CPR if applicable 
TB questionnaire, PPD or chest x-ray if applicable   
Current Health certificate (per contract or stateregulation)   
Must meet all federal, state and local requirements   
Must be at least 18 years of age  



Benefits
At Amergis, we firmly believe that our employees are the heartbeat of our organization and we are happy to offer the following benefits:


Competitive pay & weekly paychecks
Health, dental, vision, and life insurance
401(k) savings plan
Awards and recognition programs 

*Benefit eligibility is dependent on employment status. 
												
About Amergis
Amergis, formerly known as Maxim Healthcare Staffing, has served our clients and communities by connecting people to the work that matters since 1988. We provide meaningful opportunities to our extensive network of healthcare and school-based professionals, ready to work in any hospital, government facility, or school. Through partnership and innovation, Amergis creates unmatched staffing experiences to deliver the best workforce solutions.  
						
Amergis is an equal opportunity/affirmative action employer. All qualified applicants will receive consideration for employment without regard to sex, gender identity, sexual orientation, race, color, religion, national origin, disability, protected Veteran status, age, or any other characteristic protected by law.",https://careers.amergis.com/job/884034-registered-nurse-school-setting-chula-vista-california/
25 - 26 Speech Language Pathologist - Schools,"Jackson, California",Category: Education,,Contract Duration: 36 Weeks,,,Contract Duration: 36 Weeks,Work Setting: Schools,Est. Pay: $3400 / Week,,Posted Date: 4/2/2025,"$70/hr – $100/hr
The Speech-Language Pathologist in the school setting is responsible for performing student evaluations as well as providing and documenting therapy services in accordance with the plan of care developed for each individual student and the physician’s orders. 
Minimum Requirements:


Active Speech Language Pathologist (SLP) Licensure in the state of assignment required 
Certificate of Clinical Competence in Speech-Language Pathology (CCC-SLP) preferred and may be required by state/contract. 
Current CPR if applicable 
TB questionnaire, PPD or chest x-ray if applicable  
Current Health certificate (per contract or state regulation)  
Must meet all federal, state and local requirements 
Must be at least 18 years of age 


Benefits
At Amergis, we firmly believe that our employees are the heartbeat of our organization and we are happy to offer the following benefits:


Competitive pay & weekly paychecks
Health, dental, vision, and life insurance
401(k) savings plan
Awards and recognition programs 

*Benefit eligibility is dependent on employment status. 
												
About Amergis
Amergis, formerly known as Maxim Healthcare Staffing, has served our clients and communities by connecting people to the work that matters since 1988. We provide meaningful opportunities to our extensive network of healthcare and school-based professionals, ready to work in any hospital, government facility, or school. Through partnership and innovation, Amergis creates unmatched staffing experiences to deliver the best workforce solutions.  
						
Amergis is an equal opportunity/affirmative action employer. All qualified applicants will receive consideration for employment without regard to sex, gender identity, sexual orientation, race, color, religion, national origin, disability, protected Veteran status, age, or any other characteristic protected by law.",https://careers.amergis.com/job/862998-25-26-speech-language-pathologist-schools-jackson-california/
Hiring School Psychologist for 25-26 School Year!,"Novato, California",Category: Education,,Contract - Full Time,,,Contract Duration: 36 Weeks,Work Setting: Schools,Est. Pay: $75 / Hour,,Posted Date: 8/1/2025,"The School Psychologist works to support students through avariety of mental health and developmental issues and aids in qualifyingstudents for additional support services. The School Psychologist is responsible for providing on-sitepsychological services to students under the jurisdiction of the state anddistrict.  
Minimum Requirements: 


Must maintain current State licensures and/or certificationsin state of assignment  
Experience in pediatric and adolescent population ispreferred  
Master’s degree in psychology preferred  
Complies with all relevant professional standards ofpractice  
Current CPR if applicable 
TB questionnaire, PPD or chest x-ray if applicable  
Current Health certificate (per contract or stateregulation)  
Must meet all federal, state and local requirements  
Must be at least 18 years of age  

































Benefits
At Amergis, we firmly believe that our employees are the heartbeat of our organization and we are happy to offer the following benefits:


Competitive pay & weekly paychecks
Health, dental, vision, and life insurance
401(k) savings plan
Awards and recognition programs 

*Benefit eligibility is dependent on employment status. 
												
About Amergis
Amergis, formerly known as Maxim Healthcare Staffing, has served our clients and communities by connecting people to the work that matters since 1988. We provide meaningful opportunities to our extensive network of healthcare and school-based professionals, ready to work in any hospital, government facility, or school. Through partnership and innovation, Amergis creates unmatched staffing experiences to deliver the best workforce solutions.  
						
Amergis is an equal opportunity/affirmative action employer. All qualified applicants will receive consideration for employment without regard to sex, gender identity, sexual orientation, race, color, religion, national origin, disability, protected Veteran status, age, or any other characteristic protected by law.",https://careers.amergis.com/job/887812-hiring-school-psychologist-for-25-26-school-year-novato-california/
"Behavior Technician, Indianapolis","Noblesville, Indiana",Category: Education,,Contract - Full Time,,,Contract Duration: 36 Weeks,Work Setting: Schools,Est. Pay: $25 / Hour,,Posted Date: 8/6/2025,"The Behavior Technician works to facilitate educational andbehavioral services with children and adults with special needs andcollaborates with school professionals and other behavioral specialists toachieve learning and behavioral goals and objectives. 
Minimum Requirements:


High School diploma or equivalent required 
Two (2) years of pediatric experience preferred
Current CPR if applicable 
TB questionnaire, PPD or chest x-ray if applicable   
Must meet all federal, state and local requirements 
Must be at least 18 years of age



Benefits
At Amergis, we firmly believe that our employees are the heartbeat of our organization and we are happy to offer the following benefits:


Competitive pay & weekly paychecks
Health, dental, vision, and life insurance
401(k) savings plan
Awards and recognition programs 

*Benefit eligibility is dependent on employment status. 
												
About Amergis
Amergis, formerly known as Maxim Healthcare Staffing, has served our clients and communities by connecting people to the work that matters since 1988. We provide meaningful opportunities to our extensive network of healthcare and school-based professionals, ready to work in any hospital, government facility, or school. Through partnership and innovation, Amergis creates unmatched staffing experiences to deliver the best workforce solutions.  
						
Amergis is an equal opportunity/affirmative action employer. All qualified applicants will receive consideration for employment without regard to sex, gender identity, sexual orientation, race, color, religion, national origin, disability, protected Veteran status, age, or any other characteristic protected by law.",https://careers.amergis.com/job/888730-behavior-technician-indianapolis-noblesville-indiana/
Occupational Therapist 25/26 School Year,"Charleston, Illinois",Category: Education,,Contract Duration: 39 Weeks,,,Contract Duration: 39 Weeks,Work Setting: Schools,Est. Pay: $2430 / Week,,Posted Date: 5/15/2025,"The Occupational Therapist (OT) is responsible forperforming student evaluations, developing and providing therapy services, anddocumenting services in accordance with the plan of care developed for eachstudent.    
Minimum Requirements:


Current licensure as an Occupational Therapist in the Stateof practice
One (1) year of prior professional Occupational Therapyexperience preferred
Current CPR if applicable
TB Questionnaire, PPD or chest x-ray if applicable
Current Health certificate (per contract or stateregulation)
Must meet all federal, state and local requirements
Must be at least 18 years of age




Benefits
At Amergis, we firmly believe that our employees are the heartbeat of our organization and we are happy to offer the following benefits:


Competitive pay & weekly paychecks
Health, dental, vision, and life insurance
401(k) savings plan
Awards and recognition programs 

*Benefit eligibility is dependent on employment status. 
												
About Amergis
Amergis, formerly known as Maxim Healthcare Staffing, has served our clients and communities by connecting people to the work that matters since 1988. We provide meaningful opportunities to our extensive network of healthcare and school-based professionals, ready to work in any hospital, government facility, or school. Through partnership and innovation, Amergis creates unmatched staffing experiences to deliver the best workforce solutions.  
						
Amergis is an equal opportunity/affirmative action employer. All qualified applicants will receive consideration for employment without regard to sex, gender identity, sexual orientation, race, color, religion, national origin, disability, protected Veteran status, age, or any other characteristic protected by law.",https://careers.amergis.com/job/871453-occupational-therapist-25-26-school-year-charleston-illinois/
School Psychologist - South Los Angeles Area Schoo,"Los Angeles, California",Category: Education,,Contract - Full Time,,,Contract Duration: 52 Weeks,Work Setting: Schools,Est. Pay: $2600 / Week,,Posted Date: 7/17/2025,"The School Psychologist works to support students through avariety of mental health and developmental issues and aids in qualifyingstudents for additional support services. The School Psychologist is responsible for providing on-sitepsychological services to students under the jurisdiction of the state anddistrict.  
Minimum Requirements: 


Must maintain current State licensures and/or certificationsin state of assignment  
Experience in pediatric and adolescent population ispreferred  
Master’s degree in psychology preferred  
Complies with all relevant professional standards ofpractice  
Current CPR if applicable 
TB questionnaire, PPD or chest x-ray if applicable  
Current Health certificate (per contract or stateregulation)  
Must meet all federal, state and local requirements  
Must be at least 18 years of age  


·        Hiring now for the 2025-2026 school year.
·        M-F – Full time position (travel option)
·        Competitive compensation – $65 – $70+ (depending onexperience)
·        Benefits including health, dental & vision insurance,401k & more
·        For faster service, email: chmalone @ amergis .com

































Benefits
At Amergis, we firmly believe that our employees are the heartbeat of our organization and we are happy to offer the following benefits:


Competitive pay & weekly paychecks
Health, dental, vision, and life insurance
401(k) savings plan
Awards and recognition programs 

*Benefit eligibility is dependent on employment status. 
												
About Amergis
Amergis, formerly known as Maxim Healthcare Staffing, has served our clients and communities by connecting people to the work that matters since 1988. We provide meaningful opportunities to our extensive network of healthcare and school-based professionals, ready to work in any hospital, government facility, or school. Through partnership and innovation, Amergis creates unmatched staffing experiences to deliver the best workforce solutions.  
						
Amergis is an equal opportunity/affirmative action employer. All qualified applicants will receive consideration for employment without regard to sex, gender identity, sexual orientation, race, color, religion, national origin, disability, protected Veteran status, age, or any other characteristic protected by law.",https://careers.amergis.com/job/884143-school-psychologist-south-los-angeles-area-schoo-los-angeles-california/
RN School 25/26 Scxhool Year,"New Bern, North Carolina",Category: Education,,Contract - Part Time,,,Contract Duration: 40 Weeks,Work Setting: Schools,Est. Pay: $900 / Week,,Posted Date: 7/22/2025,"The School Registered Nurse oversees the application of thenursing process and the delivery of student care in a school setting. TheSchool RN supports the physical, mental and emotional well-being of studentswithin the school setting. The School RN plays an essential role in promotingthe health and safety, responding to medical emergencies, managing chronicconditions and serving as a liaison between families, school staff andhealthcare providers. The School RN provides services in accordance with Amergis’philosophy, standards, policies and physician orders.   
Minimum Requirements:  


Current Registered Nurse (RN) license in the state ofemployment 
Bachelor’s Degree, preferred 
School Nurse Certification as required by state or contract 
One year of school nursing, public health or pediatricexperience, preferred   
Complies with all relevant professional standards ofpractice   
Current CPR if applicable 
TB questionnaire, PPD or chest x-ray if applicable   
Current Health certificate (per contract or stateregulation)   
Must meet all federal, state and local requirements   
Must be at least 18 years of age  



Benefits
At Amergis, we firmly believe that our employees are the heartbeat of our organization and we are happy to offer the following benefits:


Competitive pay & weekly paychecks
Health, dental, vision, and life insurance
401(k) savings plan
Awards and recognition programs 

*Benefit eligibility is dependent on employment status. 
												
About Amergis
Amergis, formerly known as Maxim Healthcare Staffing, has served our clients and communities by connecting people to the work that matters since 1988. We provide meaningful opportunities to our extensive network of healthcare and school-based professionals, ready to work in any hospital, government facility, or school. Through partnership and innovation, Amergis creates unmatched staffing experiences to deliver the best workforce solutions.  
						
Amergis is an equal opportunity/affirmative action employer. All qualified applicants will receive consideration for employment without regard to sex, gender identity, sexual orientation, race, color, religion, national origin, disability, protected Veteran status, age, or any other characteristic protected by law.",https://careers.amergis.com/job/885117-rn-school-25-26-scxhool-year-new-bern-north-carolina/
School Aide,"Atascadero, California",Category: Education,,Contract - Full Time,,,Contract Duration: 36 Weeks,Work Setting: Schools,Est. Pay: $650 / Week,,Posted Date: 7/30/2025,"Amergis Staffing is currentlyseeking  School Aide for the 2025/26  school year in the Atascadero,CA area.
 
Position Details:  must have at least 1 year ofexperience working with kids
 
Schedule: Monday – Friday
Hours/Week: 32.5 hours Weekly
Start Date: 8/11/2025
Length: 25/26 School Year
Details:  
Pay  Rate: $20.00
 
 Feel free to contact me ifyou are interested. Email: Cebattle@amergis.comor Phone: (813) 462-3553
 
 Amergis Advantages
Weekly pay through directdeposit
We have offices in most majorcities across the country
Premium pay rates with taxadvantage compensation
Health/Dental/Vision Insuranceavailable on 1st of month
Fully furnished, private housingavailable (pets are welcomed)
Expense reimbursement for traveland state licensure available
Accessible via office phone,email, or text

Emergency, On-call line,available 24/7




The School Aide is an individual who works with studentsrequiring instructional, and/or behavioral assistance under the supervision ofthe special education department, teacher and/or supervising designee.  The School Aide may also provide supportservices to assist students with personal, physical mobility and therapeuticcare needs, as established by a rehabilitation health practitioner, socialworker or other health care professional. 
Minimum Requirements: 


High School diploma or equivalent required 
Comply with all relevant professional standards ofpractice  
Current CPR if applicable 
TB questionnaire, PPD or chest x-ray if applicable  
Current Health certificate (per contract or stateregulation)  
Must meet all federal, state and local requirements   
Must be at least 18 years of age  



Benefits
At Amergis, we firmly believe that our employees are the heartbeat of our organization and we are happy to offer the following benefits:


Competitive pay & weekly paychecks
Health, dental, vision, and life insurance
401(k) savings plan
Awards and recognition programs 

*Benefit eligibility is dependent on employment status. 
												
About Amergis
Amergis, formerly known as Maxim Healthcare Staffing, has served our clients and communities by connecting people to the work that matters since 1988. We provide meaningful opportunities to our extensive network of healthcare and school-based professionals, ready to work in any hospital, government facility, or school. Through partnership and innovation, Amergis creates unmatched staffing experiences to deliver the best workforce solutions.  
						
Amergis is an equal opportunity/affirmative action employer. All qualified applicants will receive consideration for employment without regard to sex, gender identity, sexual orientation, race, color, religion, national origin, disability, protected Veteran status, age, or any other characteristic protected by law.",https://careers.amergis.com/job/887005-school-aide-atascadero-california/
Part Time Paraprofessional,"Appleton, Wisconsin",Category: Education,,Contract - Part Time,,,Contract Duration: 36 Weeks,Work Setting: Schools,Est. Pay: $400 / Week,,Posted Date: 7/22/2025,"The School Aide is an individual who works with students requiring instructional, and/or behavioral assistance under the supervision of the special education department and/or supervising designee.  The School Aide may also provide support services to assist students with personal, physical mobility and therapeutic care needs, as established by a rehabilitation health practitioner, social worker or other health care professional. 
Essential Duties and Responsibilities:


Follows through with IEP objectives including math, reading, speech, independent skills, and managing behavioral deficits and excesses, one on one or as a general classroom aide
Facilitates teacher-directed learning activities including lesson plans, worksheets, reinforcement systems, small groups, social games, and work assistance    
Assists students when included in general education classes
Communicates pertinent information to teachers
Accompanies students during recess and lunch periods, along with community experiences
Strictly adheres to confidentiality requirements regarding all matters pertaining to students, parents, parent communications, and/or classroom activities. (Note: Unless instructed otherwise by supervising teacher, all parent communication is the responsibility of certified personnel)
Assists with activities of prescribed programs including those written by related service personnel such as PT, OT and SLP
Assists students in the development of independent skills through self-care activities such as toileting, clothing routines, feeding and personal hygiene
May be asked to assist in behavior management techniques at the direction of the teacher and/or other school professional (i.e. BCBA, Psychologist, etc.)
Assists teacher with clerical duties including making stimuli, making copies, maintaining a clean and organized classroom, preparing materials, and assignment scoring
Assists with transfers and ambulation
Appropriately reports changes in client status or as directed by IHP/IEP

Minimum Requirements:


Complies with all relevant professional standards of practice 
Participation and completion of Amergis’ Competency program when applicable
Current CPR if applicable
TB questionnaire, PPD or chest x-ray if applicable 
Current Health certificate (per contract or state regulation) 
Must meet all federal, state and local requirements 
Successful completion of new hire training as applicable to job site 
Understand patient confidentiality and HIPAA requirements  
Ability to effectively elicit/provide information to and from appropriate individuals (including, but not limited to, supervisors, co-workers, clients) via strong communication skills; proficiency in the English language is required  
Computer proficiency required 
Must be at least 18 years of age  

Benefits
At Amergis, we firmly believe that our employees are the heartbeat of our organization and we are happy to offer the following benefits:


Competitive pay & weekly paychecks
Health, dental, vision, and life insurance
401(k) savings plan
Awards and recognition programs 

*Benefit eligibility is dependent on employment status. 
												
About Amergis
Amergis, formerly known as Maxim Healthcare Staffing, has served our clients and communities by connecting people to the work that matters since 1988. We provide meaningful opportunities to our extensive network of healthcare and school-based professionals, ready to work in any hospital, government facility, or school. Through partnership and innovation, Amergis creates unmatched staffing experiences to deliver the best workforce solutions.  
						
Amergis is an equal opportunity/affirmative action employer. All qualified applicants will receive consideration for employment without regard to sex, gender identity, sexual orientation, race, color, religion, national origin, disability, protected Veteran status, age, or any other characteristic protected by law.",https://careers.amergis.com/job/885043-part-time-paraprofessional-appleton-wisconsin/
Special Education Teacher,"Waynesville, Missouri",Category: Education,,Contract Duration: 52 Weeks,,,Contract Duration: 52 Weeks,Work Setting: Schools,Est. Pay: $850 / Week,,Posted Date: 7/18/2025,"– 2025/26 SchoolYear
– Monday – Friday,8:00am – 4:00pm
– Full BenefitsOffered!
– Must have MO DESEMild/Mod Cert
 
The SpecialEducation Teacher, under the direction of the Special Education ProgramAdministrator provides quality services to special education students,kindergarten through grade 12.  The Special Education Teacher has acommitment to team participation in planning and implementation of studentprograms including special instruction, tutorial assistance and consultationwith general education staff.  
 
Essential Duties andResponsibilities:
Prepares studenteducation plans in consultation with parents and department team members
Supports learningfor students who have a wide range of learning, mental, emotional, and physicaldisabilities.
Designs instruction,both individual and small group, which parallels the general educationcurriculum 
Assists parents,administrators, testing specialists, social workers, and professionals todevelop educational plans designed to promote students’ educational, physical,and social development
Prepares materialsand classrooms for class activities 
Serves as thecoordinator of individualize education program (IEP) implementation withgeneral education staff 
Monitors studentprogress, participates in review and revision of student’s IEP, asappropriate 
Maintains accuratestudent records 
Mentors and supportsteaching assistants who provide support to students with disabilities 
Supports students inpreparation for grade transitions and preparing for life skills
Assess students’skills and educational needs and tracks student’s performance
Discusses students’progress with their other teachers
Communicates tomaintain positive relationships with students and their parents 
Follows SchoolDistrict policies and procedures 
Benefits
At Amergis, we firmly believe that our employees are the heartbeat of our organization and we are happy to offer the following benefits:


Competitive pay & weekly paychecks
Health, dental, vision, and life insurance
401(k) savings plan
Awards and recognition programs 

*Benefit eligibility is dependent on employment status. 
												
About Amergis
Amergis, formerly known as Maxim Healthcare Staffing, has served our clients and communities by connecting people to the work that matters since 1988. We provide meaningful opportunities to our extensive network of healthcare and school-based professionals, ready to work in any hospital, government facility, or school. Through partnership and innovation, Amergis creates unmatched staffing experiences to deliver the best workforce solutions.  
						
Amergis is an equal opportunity/affirmative action employer. All qualified applicants will receive consideration for employment without regard to sex, gender identity, sexual orientation, race, color, religion, national origin, disability, protected Veteran status, age, or any other characteristic protected by law.",https://careers.amergis.com/job/884419-special-education-teacher-waynesville-missouri/
Behavior Technician,"Marysville, Washington",Category: Education,,Contract - Full Time,,,Contract Duration: 42 Weeks,Work Setting: Schools,Est. Pay: $24 / Hour,,Posted Date: 8/4/2025,"The Behavior Technician works to facilitate educational andbehavioral services with children and adults with special needs andcollaborates with school professionals and other behavioral specialists toachieve learning and behavioral goals and objectives. 
Minimum Requirements:


High School diploma or equivalent required 
Two (2) years of pediatric experience preferred
Current CPR if applicable 
TB questionnaire, PPD or chest x-ray if applicable   
Must meet all federal, state and local requirements 
Must be at least 18 years of age



Benefits
At Amergis, we firmly believe that our employees are the heartbeat of our organization and we are happy to offer the following benefits:


Competitive pay & weekly paychecks
Health, dental, vision, and life insurance
401(k) savings plan
Awards and recognition programs 

*Benefit eligibility is dependent on employment status. 
												
About Amergis
Amergis, formerly known as Maxim Healthcare Staffing, has served our clients and communities by connecting people to the work that matters since 1988. We provide meaningful opportunities to our extensive network of healthcare and school-based professionals, ready to work in any hospital, government facility, or school. Through partnership and innovation, Amergis creates unmatched staffing experiences to deliver the best workforce solutions.  
						
Amergis is an equal opportunity/affirmative action employer. All qualified applicants will receive consideration for employment without regard to sex, gender identity, sexual orientation, race, color, religion, national origin, disability, protected Veteran status, age, or any other characteristic protected by law.",https://careers.amergis.com/job/888090-behavior-technician-marysville-washington/
"School Speech Language Pathologist - Bessemer, AL","Bessemer, Alabama",Category: Education,,Contract - Full Time,,,Contract Duration: 39 Weeks,Work Setting: Schools,Est. Pay: $2400 / Week,,Posted Date: 7/24/2025,"The Speech-Language Pathologist in the school setting isresponsible for performing student evaluations as well as providing anddocumenting therapy services in accordance with the plan of care developed foreach individual student and the physician’s orders. 
Minimum Requirements: 


Active  SpeechLanguage Pathologist (SLP) Licensure in the state of assignment required 
Certificate of Clinical Competence in Speech-LanguagePathology (CCC-SLP) preferred and may be required by state/contract.  
Complies with all relevant professional standards ofpractice  
Current CPR if applicable 
TB questionnaire, PPD or chest x-ray if applicable  
Current Health certificate (per contract or stateregulation)  
Must meet all federal, state and local requirements  
Must be at least 18 years of age  



Benefits
At Amergis, we firmly believe that our employees are the heartbeat of our organization and we are happy to offer the following benefits:


Competitive pay & weekly paychecks
Health, dental, vision, and life insurance
401(k) savings plan
Awards and recognition programs 

*Benefit eligibility is dependent on employment status. 
												
About Amergis
Amergis, formerly known as Maxim Healthcare Staffing, has served our clients and communities by connecting people to the work that matters since 1988. We provide meaningful opportunities to our extensive network of healthcare and school-based professionals, ready to work in any hospital, government facility, or school. Through partnership and innovation, Amergis creates unmatched staffing experiences to deliver the best workforce solutions.  
						
Amergis is an equal opportunity/affirmative action employer. All qualified applicants will receive consideration for employment without regard to sex, gender identity, sexual orientation, race, color, religion, national origin, disability, protected Veteran status, age, or any other characteristic protected by law.",https://careers.amergis.com/job/885753-school-speech-language-pathologist-bessemer-al-bessemer-alabama/
Special Education Paraprofessional,"Anoka, Minnesota",Category: Education,,Contract - Full Time,,,Contract Duration: 52 Weeks,Work Setting: Schools,Est. Pay: $20 / Hour,,Posted Date: 8/7/2025,"The School Aide is an individual who works with studentsrequiring instructional, and/or behavioral assistance under the supervision ofthe special education department, teacher and/or supervising designee.  The School Aide may also provide supportservices to assist students with personal, physical mobility and therapeuticcare needs, as established by a rehabilitation health practitioner, socialworker or other health care professional. 
Minimum Requirements: 


High School diploma or equivalent required 
Comply with all relevant professional standards ofpractice  
Current CPR if applicable 
TB questionnaire, PPD or chest x-ray if applicable  
Current Health certificate (per contract or stateregulation)  
Must meet all federal, state and local requirements   
Must be at least 18 years of age  



Benefits
At Amergis, we firmly believe that our employees are the heartbeat of our organization and we are happy to offer the following benefits:


Competitive pay & weekly paychecks
Health, dental, vision, and life insurance
401(k) savings plan
Awards and recognition programs 

*Benefit eligibility is dependent on employment status. 
												
About Amergis
Amergis, formerly known as Maxim Healthcare Staffing, has served our clients and communities by connecting people to the work that matters since 1988. We provide meaningful opportunities to our extensive network of healthcare and school-based professionals, ready to work in any hospital, government facility, or school. Through partnership and innovation, Amergis creates unmatched staffing experiences to deliver the best workforce solutions.  
						
Amergis is an equal opportunity/affirmative action employer. All qualified applicants will receive consideration for employment without regard to sex, gender identity, sexual orientation, race, color, religion, national origin, disability, protected Veteran status, age, or any other characteristic protected by law.",https://careers.amergis.com/job/888909-special-education-paraprofessional-anoka-minnesota/
"Inclusion Special Education Teacher - Fairhaven, MA","Fairhaven, Massachusetts",Category: Education,,Contract - Full Time,,,Contract Duration: 39 Weeks,Work Setting: Schools,Est. Pay: $1787 / Week,,Posted Date: 6/6/2025,"The Special Education Teacher, under the direction of theSpecial Education Program Administrator provides quality services to specialeducation students, kindergarten through grade 12.  The Special Education Teacher has a commitmentto team participation in planning and implementation of student programsincluding special instruction, tutorial assistance and consultation withgeneral education staff.   
Minimum Requirements:  


Bachelor’s Degree from an accredited universitypreferred  
Valid state teaching certificate as required by state,contract/district regulations  
Minimum of one year experience in teaching environmentpreferred  
State Teacher Certification; Type: Standard ElementaryTeaching preferred 
State Teacher Certification; Type: Standard SecondaryTeaching preferred 
State Teacher Certification; Type: Standard Special Teachingpreferred 
Endorsement: Learning Behavior Specialist (LBS1) preferred
Current CPR if applicable 
TB Questionnaire, PPD or chest x-ray if applicable  
Current Health certificate (per contract or stateregulation)  
Must meet all federal, state and local requirements 
Must be at least 18 years of age 

Benefits
At Amergis, we firmly believe that our employees are the heartbeat of our organization and we are happy to offer the following benefits:


Competitive pay & weekly paychecks
Health, dental, vision, and life insurance
401(k) savings plan
Awards and recognition programs 

*Benefit eligibility is dependent on employment status. 
												
About Amergis
Amergis, formerly known as Maxim Healthcare Staffing, has served our clients and communities by connecting people to the work that matters since 1988. We provide meaningful opportunities to our extensive network of healthcare and school-based professionals, ready to work in any hospital, government facility, or school. Through partnership and innovation, Amergis creates unmatched staffing experiences to deliver the best workforce solutions.  
						
Amergis is an equal opportunity/affirmative action employer. All qualified applicants will receive consideration for employment without regard to sex, gender identity, sexual orientation, race, color, religion, national origin, disability, protected Veteran status, age, or any other characteristic protected by law.",https://careers.amergis.com/job/875432-inclusion-special-education-teacher-fairhaven-ma-fairhaven-massachusetts/
School Psychologist - $60-$66/ hour!,"Tucson, Arizona",Category: Education,,Contract - Full Time,,,Contract Duration: 40 Weeks,Work Setting: Schools,Est. Pay: $2200 / Week,,Posted Date: 4/29/2025,"The School Psychologist works to support students through avariety of mental health and developmental issues and aid in qualifyingstudents for additional support services. The School Psychologist is responsible for providing on-sitepsychological services to students under the jurisdiction of the state anddistrict.  
Minimum Requirements: 


Must maintain current State licensures and/or certificationsin state of assignment  
Experience in pediatric and adolescent population ispreferred  
Master’s degree in psychology preferred 
Current CPR if applicable 
TB Questionnaire, PPD or chest x-ray if applicable  
Current Health certificate (per contract or stateregulation)  
Must meet all federal, state and local requirements 
Must be at least 18 years of age  
































Benefits
At Amergis, we firmly believe that our employees are the heartbeat of our organization and we are happy to offer the following benefits:


Competitive pay & weekly paychecks
Health, dental, vision, and life insurance
401(k) savings plan
Awards and recognition programs 

*Benefit eligibility is dependent on employment status. 
												
About Amergis
Amergis, formerly known as Maxim Healthcare Staffing, has served our clients and communities by connecting people to the work that matters since 1988. We provide meaningful opportunities to our extensive network of healthcare and school-based professionals, ready to work in any hospital, government facility, or school. Through partnership and innovation, Amergis creates unmatched staffing experiences to deliver the best workforce solutions.  
						
Amergis is an equal opportunity/affirmative action employer. All qualified applicants will receive consideration for employment without regard to sex, gender identity, sexual orientation, race, color, religion, national origin, disability, protected Veteran status, age, or any other characteristic protected by law.",https://careers.amergis.com/job/867949-school-psychologist-60-66-hour-tucson-arizona/
Speech Language Pathologist Assistant - Spanaway,"Spanaway, Washington",Category: Education,,Contract - Full Time,,,Contract Duration: 36 Weeks,Work Setting: Schools,Est. Pay: $1650 / Week,,Posted Date: 7/24/2025,"The Speech Language Pathologist Assistant assists the SpeechLanguage Pathologist in providing speech and language services.  The Speech Language Pathologist Assistantwill have clinical, educational, documentation, and treatment relatedactivities while working within the scope of responsibilities/ plan of careassigned by the Speech Language Pathologist and/or physician.  
Minimum Requirements: 


Must be a graduate of a SLPA program with an associate’sdegree, or have a bachelor’s degree in a speech-language pathology orcommunication disorders program  
Successful completion of a minimum of 100 hours ofsupervised field work experience or its clinical experience equivalent asrequired by state and/or contract 
Current certification or licensure as a Speech-LanguagePathology Assistant in the State of Practice 
Complies with all relevant professional standards of practice  
One (1) year of prior professional Speech-Language PathologyAssistant experience preferred 
Complies with all relevant professional standards ofpractice  
TB questionnaire, PPD or chest x-ray if applicable  
Current Health certificate (per contract or stateregulation)  
Must meet all federal, state and local requirements  
Must be at least 18 years of age



Benefits
At Amergis, we firmly believe that our employees are the heartbeat of our organization and we are happy to offer the following benefits:


Competitive pay & weekly paychecks
Health, dental, vision, and life insurance
401(k) savings plan
Awards and recognition programs 

*Benefit eligibility is dependent on employment status. 
												
About Amergis
Amergis, formerly known as Maxim Healthcare Staffing, has served our clients and communities by connecting people to the work that matters since 1988. We provide meaningful opportunities to our extensive network of healthcare and school-based professionals, ready to work in any hospital, government facility, or school. Through partnership and innovation, Amergis creates unmatched staffing experiences to deliver the best workforce solutions.  
						
Amergis is an equal opportunity/affirmative action employer. All qualified applicants will receive consideration for employment without regard to sex, gender identity, sexual orientation, race, color, religion, national origin, disability, protected Veteran status, age, or any other characteristic protected by law.",https://careers.amergis.com/job/885784-speech-language-pathologist-assistant-spanaway-spanaway-washington/
School Psychologist - SY 25-26 - Pay $80/Hr.,"South Holland, Illinois",Category: Education,,Contract - Full Time,,,Contract Duration: 39 Weeks,Work Setting: Schools,Est. Pay: $1397 / Week,,Posted Date: 5/12/2025,"PEL w/Psychologist endorsement. required
The School Psychologist works to support students through avariety of mental health and developmental issues and aid in qualifyingstudents for additional support services. The School Psychologist is responsible for providing on-sitepsychological services to students under the jurisdiction of the state anddistrict.  
Minimum Requirements: 


Must maintain current State licensures and/or certificationsin state of assignment  
Experience in pediatric and adolescent population ispreferred  
Master’s degree in psychology preferred 
Current CPR if applicable 
TB Questionnaire, PPD or chest x-ray if applicable  
Current Health certificate (per contract or stateregulation)  
Must meet all federal, state and local requirements 
Must be at least 18 years of age  
































Benefits
At Amergis, we firmly believe that our employees are the heartbeat of our organization and we are happy to offer the following benefits:


Competitive pay & weekly paychecks
Health, dental, vision, and life insurance
401(k) savings plan
Awards and recognition programs 

*Benefit eligibility is dependent on employment status. 
												
About Amergis
Amergis, formerly known as Maxim Healthcare Staffing, has served our clients and communities by connecting people to the work that matters since 1988. We provide meaningful opportunities to our extensive network of healthcare and school-based professionals, ready to work in any hospital, government facility, or school. Through partnership and innovation, Amergis creates unmatched staffing experiences to deliver the best workforce solutions.  
						
Amergis is an equal opportunity/affirmative action employer. All qualified applicants will receive consideration for employment without regard to sex, gender identity, sexual orientation, race, color, religion, national origin, disability, protected Veteran status, age, or any other characteristic protected by law.",https://careers.amergis.com/job/870522-school-psychologist-sy-25-26-pay-80-hr-south-holland-illinois/
In-Person Speech Language Pathologist 25/26 School Year,"Wilmington, Delaware",Category: Education,,Contract Duration: 36 Weeks,,,Contract Duration: 36 Weeks,Work Setting: Schools,Est. Pay: $2771 / Week,,Posted Date: 5/22/2025,"The Speech-Language Pathologist in the school setting isresponsible for performing student evaluations as well as providing anddocumenting therapy services in accordance with the plan of care developed foreach individual student and the physician’s orders. 
Minimum Requirements:


Active Speech Language Pathologist (SLP) Licensure in thestate of assignment required 
Certificate of Clinical Competence in Speech-LanguagePathology (CCC-SLP) preferred and may be required by state/contract. 
Current CPR if applicable 
TB questionnaire, PPD or chest x-ray if applicable  
Current Health certificate (per contract or stateregulation)  
Must meet all federal, state and local requirements 
Must be at least 18 years of age 


Benefits
At Amergis, we firmly believe that our employees are the heartbeat of our organization and we are happy to offer the following benefits:


Competitive pay & weekly paychecks
Health, dental, vision, and life insurance
401(k) savings plan
Awards and recognition programs 

*Benefit eligibility is dependent on employment status. 
												
About Amergis
Amergis, formerly known as Maxim Healthcare Staffing, has served our clients and communities by connecting people to the work that matters since 1988. We provide meaningful opportunities to our extensive network of healthcare and school-based professionals, ready to work in any hospital, government facility, or school. Through partnership and innovation, Amergis creates unmatched staffing experiences to deliver the best workforce solutions.  
						
Amergis is an equal opportunity/affirmative action employer. All qualified applicants will receive consideration for employment without regard to sex, gender identity, sexual orientation, race, color, religion, national origin, disability, protected Veteran status, age, or any other characteristic protected by law.",https://careers.amergis.com/job/872678-in-person-speech-language-pathologist-25-26-school-year-wilmington-delaware/
Weekly Pay - Hiring Experienced School Behavior Technician,"Los Angeles, California",Category: Education,,Contract - Full Time,,,Contract Duration: 52 Weeks,Work Setting: Schools,Est. Pay: $23 / Hour,,Posted Date: 7/25/2025,"Behavior Technician
Pay Rate: $20 – $25/hr
We’re looking for experienced Behavior Technicians to provide direct, hands-on support to individuals with special needs in educational and behavioral settings. This role requires candidates who’ve already worked as a BT and can confidently implement behavior plans, support therapy goals, and promote functional independence.
Key Responsibilities:


Carry out behavioral and educational services under the supervision of a BCBA or teacher


Apply behavior management and crisis intervention strategies with confidence


Execute behavior intervention plans and IEP goals


Assist in academic instruction and therapeutic activities (SLP, OT, PT)


Document sessions and collect behavioral data with precision


Support clients with daily living tasks including hygiene and routines


Work across settings such as classrooms, playgrounds, and therapy spaces


Requirements:


Prior experience working as a Behavior Technician is required


Must be 18 or older


High school diploma or equivalent


Benefits
At Amergis, we firmly believe that our employees are the heartbeat of our organization and we are happy to offer the following benefits:


Competitive pay & weekly paychecks
Health, dental, vision, and life insurance
401(k) savings plan
Awards and recognition programs 

*Benefit eligibility is dependent on employment status. 
												
About Amergis
Amergis, formerly known as Maxim Healthcare Staffing, has served our clients and communities by connecting people to the work that matters since 1988. We provide meaningful opportunities to our extensive network of healthcare and school-based professionals, ready to work in any hospital, government facility, or school. Through partnership and innovation, Amergis creates unmatched staffing experiences to deliver the best workforce solutions.  
						
Amergis is an equal opportunity/affirmative action employer. All qualified applicants will receive consideration for employment without regard to sex, gender identity, sexual orientation, race, color, religion, national origin, disability, protected Veteran status, age, or any other characteristic protected by law.",https://careers.amergis.com/job/886013-weekly-pay-hiring-experienced-school-behavior-technician-los-angeles-california/
Full-Time School Behavior Technician (RBT) - $27/hr | Weekdays Only | Orange County,"Orange, California",Category: Education,,Contract - Full Time,,,Contract Duration: 13 Weeks,Work Setting: Schools,Est. Pay: $25 / Hour,,Posted Date: 8/4/2025,"Amergis Healthcare Staffing is hiring full time School Based Behavior Technician / RBT to assist students, either 1:1 or in a small group setting, in school classrooms during school hours for the duration of the 2025-2026 school year in Orange County.
The School Based Behavior Technician / RBT role entails supporting students who require behavioral support by utilizing ABA strategies to manage maladaptive behaviors and ensuring students are staying on track with their classwork and school activities. Must have minimum 6 months of Applied Behavior Analysis (ABA) experience.

What We Offer:


Location: Santa Ana, CA (Orange County)
Start Date: August 11th, 2025
Schedule: Monday – Friday
Morning & Day shift – 8AM – 3PM
Competitive Pay Rate – up to $27+ / Hour

Benefits:


Weekly Pay
Health, dental, vision, and life insurance
401(k) savings plan
Awards and recognition programs

If you are interested in this position, apply today!


Benefits
At Amergis, we firmly believe that our employees are the heartbeat of our organization and we are happy to offer the following benefits:


Competitive pay & weekly paychecks
Health, dental, vision, and life insurance
401(k) savings plan
Awards and recognition programs 

*Benefit eligibility is dependent on employment status. 
												
About Amergis
Amergis, formerly known as Maxim Healthcare Staffing, has served our clients and communities by connecting people to the work that matters since 1988. We provide meaningful opportunities to our extensive network of healthcare and school-based professionals, ready to work in any hospital, government facility, or school. Through partnership and innovation, Amergis creates unmatched staffing experiences to deliver the best workforce solutions.  
						
Amergis is an equal opportunity/affirmative action employer. All qualified applicants will receive consideration for employment without regard to sex, gender identity, sexual orientation, race, color, religion, national origin, disability, protected Veteran status, age, or any other characteristic protected by law.",https://careers.amergis.com/job/888012-full-time-school-behavior-technician-rbt-27-hr-weekdays-only-orange-county-orange-california/
"10 School SLPAs Needed (Bilingual) Austin, TX","Austin, Texas",Category: Education,,Contract Duration: 36 Weeks,,,Contract Duration: 36 Weeks,Work Setting: Schools,Est. Pay: $0 / Week,,Posted Date: 5/27/2025,"Modality:  


Speech Language Pathologist Assistant x10 (Bilingual)                       




Grade Level & Classroom Type (General, Inclusion, Self Contained, etc.)


K-12




Caseload Details:


Ranges between 30-50 students




Classroom Support:


Possible support from SLP but will have support from Speech Team




Day to Day Duties:


? Assisting in implementing therapy plans under the supervision of an SLP.
? Providing direct speech and language therapy services to students.
? Conducting screenings and assessments as directed.
? Maintaining documentation and progress notes.
? Collaborating with educators, families, and other school staff.
? Participating in team meetings to support student communication development.




Group or 1:1 support (Paras, BTs, Nurses):


N/A




Start & End Date:


08/19/25 – 05/28/26 




Start & End Time:


 7:30am – 3:30pm




Hours Per Week:

37.5-40 hours (30 minute break each day)





Specific Campus:


 To be determined




In person or virtual interview:


 Virtual




Pay:


$35hr




District specific onboarding requirements:


Resume, certification and Interview Availability 




Type of Timekeeping System:


Matterworx




If Hybrid, Days on Campus:


In-Person




Benefits
At Amergis, we firmly believe that our employees are the heartbeat of our organization and we are happy to offer the following benefits:


Competitive pay & weekly paychecks
Health, dental, vision, and life insurance
401(k) savings plan
Awards and recognition programs 

*Benefit eligibility is dependent on employment status. 
												
About Amergis
Amergis, formerly known as Maxim Healthcare Staffing, has served our clients and communities by connecting people to the work that matters since 1988. We provide meaningful opportunities to our extensive network of healthcare and school-based professionals, ready to work in any hospital, government facility, or school. Through partnership and innovation, Amergis creates unmatched staffing experiences to deliver the best workforce solutions.  
						
Amergis is an equal opportunity/affirmative action employer. All qualified applicants will receive consideration for employment without regard to sex, gender identity, sexual orientation, race, color, religion, national origin, disability, protected Veteran status, age, or any other characteristic protected by law.",https://careers.amergis.com/job/873297-10-school-slpas-needed-bilingual-austin-tx-austin-texas/
Speech Language Pathologist Assistant (School),"Tulare, California",Category: Education,,Contract - Full Time,,,Contract Duration: 32 Weeks,Work Setting: Schools,Est. Pay: $1500 / Week,,Posted Date: 8/7/2025,"The Speech Language Pathologist Assistant assists the SpeechLanguage Pathologist in providing speech and language services.  The Speech Language Pathologist Assistantwill have clinical, educational, documentation, and treatment relatedactivities while working within the scope of responsibilities/ plan of careassigned by the Speech Language Pathologist and/or physician.  
Full-time
In-person
Must be license in CA
Call or Text:813-280-8809
Email: Jearisti@amergis.com
Minimum Requirements: 


Must be a graduate of a SLPA program with an associate’sdegree, or have a bachelor’s degree in a speech-language pathology orcommunication disorders program  
Successful completion of a minimum of 100 hours ofsupervised field work experience or its clinical experience equivalent asrequired by state and/or contract 
Current certification or licensure as a Speech-LanguagePathology Assistant in the State of Practice 
Complies with all relevant professional standards of practice  
One (1) year of prior professional Speech-Language PathologyAssistant experience preferred 
Complies with all relevant professional standards ofpractice  
TB questionnaire, PPD or chest x-ray if applicable  
Current Health certificate (per contract or stateregulation)  
Must meet all federal, state and local requirements  
Must be at least 18 years of age



Benefits
At Amergis, we firmly believe that our employees are the heartbeat of our organization and we are happy to offer the following benefits:


Competitive pay & weekly paychecks
Health, dental, vision, and life insurance
401(k) savings plan
Awards and recognition programs 

*Benefit eligibility is dependent on employment status. 
												
About Amergis
Amergis, formerly known as Maxim Healthcare Staffing, has served our clients and communities by connecting people to the work that matters since 1988. We provide meaningful opportunities to our extensive network of healthcare and school-based professionals, ready to work in any hospital, government facility, or school. Through partnership and innovation, Amergis creates unmatched staffing experiences to deliver the best workforce solutions.  
						
Amergis is an equal opportunity/affirmative action employer. All qualified applicants will receive consideration for employment without regard to sex, gender identity, sexual orientation, race, color, religion, national origin, disability, protected Veteran status, age, or any other characteristic protected by law.",https://careers.amergis.com/job/888855-speech-language-pathologist-assistant-school-tulare-california/
Speech Language Pathologist - Schools,"Gonzales, California",Category: Education,,Contract Duration: 36 Weeks,,,Contract Duration: 36 Weeks,Work Setting: Schools,Est. Pay: $3856 / Week,,Posted Date: 7/22/2025,"Amergis Staffing is currentlyseeking  Speech Language Pathologist for the 2025/26  schoolyear in the Gonzales, CA area.
 
Position Details:  CA SLP License, Only AcceptingCCC-SLP`s
 
Schedule: Monday – Friday
Hours/Week: 37.5hours Weekly
Start Date: 8/7/2025
Length: 25/26 School Year
Details:  Grade Level Elementary SchoolKids, In-Person Only, must have school experience
 Pay: Travel Rate: $3,856(for Candidate over 50 miles)
(If under 50 miles) Local Rate: $90/hour
 
 Feel free to contact me ifyou are interested. Email: Cebattle@amergis.comor Phone: (813) 462-3553
 
 Amergis Advantages
Weekly pay through directdeposit
We have offices in most majorcities across the country
Premium pay rates with taxadvantage compensation
Health/Dental/Vision Insuranceavailable on 1st of month
Fully furnished, private housingavailable (pets are welcomed)
Expense reimbursement for traveland state licensure available
Accessible via office phone,email, or text

Emergency, On-call line,available 24/7





The Speech-Language Pathologist in the school setting isresponsible for performing student evaluations as well as providing anddocumenting therapy services in accordance with the plan of care developed foreach individual student and the physician’s orders.
Minimum Requirements: 


Active  SpeechLanguage Pathologist (SLP) Licensure in the state of assignment required 
Certificate of Clinical Competence in Speech-LanguagePathology (CCC-SLP) preferred and may be required by state/contract.  
Complies with all relevant professional standards ofpractice  
Current CPR if applicable 
TB questionnaire, PPD or chest x-ray if applicable  
Current Health certificate (per contract or stateregulation)  
Must meet all federal, state and local requirements  
Must be at least 18 years of age  



Benefits
At Amergis, we firmly believe that our employees are the heartbeat of our organization and we are happy to offer the following benefits:


Competitive pay & weekly paychecks
Health, dental, vision, and life insurance
401(k) savings plan
Awards and recognition programs 

*Benefit eligibility is dependent on employment status. 
												
About Amergis
Amergis, formerly known as Maxim Healthcare Staffing, has served our clients and communities by connecting people to the work that matters since 1988. We provide meaningful opportunities to our extensive network of healthcare and school-based professionals, ready to work in any hospital, government facility, or school. Through partnership and innovation, Amergis creates unmatched staffing experiences to deliver the best workforce solutions.  
						
Amergis is an equal opportunity/affirmative action employer. All qualified applicants will receive consideration for employment without regard to sex, gender identity, sexual orientation, race, color, religion, national origin, disability, protected Veteran status, age, or any other characteristic protected by law.",https://careers.amergis.com/job/885105-speech-language-pathologist-schools-gonzales-california/
Bilingual Speech Language Pathologist - Schools,"San Jose, California",Category: Education,,Contract Duration: 36 Weeks,,,Contract Duration: 36 Weeks,Work Setting: Schools,Est. Pay: $3833 / Week,,Posted Date: 8/5/2025,"The Speech-Language Pathologist in the school setting isresponsible for performing student evaluations as well as providing anddocumenting therapy services in accordance with the plan of care developed foreach individual student and the physician’s orders. 
40 hours a week 
Experience with SEIS preferred 
Minimum Requirements: 


Active  SpeechLanguage Pathologist (SLP) Licensure in the state of assignment required 
Certificate of Clinical Competence in Speech-LanguagePathology (CCC-SLP) preferred and may be required by state/contract.  
Bilingual
Complies with all relevant professional standards ofpractice  
Current CPR if applicable 
TB questionnaire, PPD or chest x-ray if applicable  
Current Health certificate (per contract or stateregulation)  
Must meet all federal, state and local requirements  
Must be at least 18 years of age  



Benefits
At Amergis, we firmly believe that our employees are the heartbeat of our organization and we are happy to offer the following benefits:


Competitive pay & weekly paychecks
Health, dental, vision, and life insurance
401(k) savings plan
Awards and recognition programs 

*Benefit eligibility is dependent on employment status. 
												
About Amergis
Amergis, formerly known as Maxim Healthcare Staffing, has served our clients and communities by connecting people to the work that matters since 1988. We provide meaningful opportunities to our extensive network of healthcare and school-based professionals, ready to work in any hospital, government facility, or school. Through partnership and innovation, Amergis creates unmatched staffing experiences to deliver the best workforce solutions.  
						
Amergis is an equal opportunity/affirmative action employer. All qualified applicants will receive consideration for employment without regard to sex, gender identity, sexual orientation, race, color, religion, national origin, disability, protected Veteran status, age, or any other characteristic protected by law.",https://careers.amergis.com/job/888143-bilingual-speech-language-pathologist-schools-san-jose-california/
HYBRID School Psychologist!,"Killeen, Texas",Category: Education,,Contract - Full Time,,,Contract Duration: 37 Weeks,Work Setting: Schools,Est. Pay: $55 / Hour,,Posted Date: 8/7/2025,"??Happy HYBRID Hump Day! ????
School Psychologists LSSP in Killeen, TX!
$2,100 Wkly – W2 – Benefits – 401K


 
Help empower students to thrive??
 
??Travel Package available if you qualify
?? Know another School Based Professional looking? I’m happy to help!
??? Located in another state or area? I hire Nationally!
 
Reach out to set up some time to discuss!
?? Rayulo@amergis.com
?? 813-261-5525 Call or Text
Benefits
At Amergis, we firmly believe that our employees are the heartbeat of our organization and we are happy to offer the following benefits:


Competitive pay & weekly paychecks
Health, dental, vision, and life insurance
401(k) savings plan
Awards and recognition programs 

*Benefit eligibility is dependent on employment status. 
												
About Amergis
Amergis, formerly known as Maxim Healthcare Staffing, has served our clients and communities by connecting people to the work that matters since 1988. We provide meaningful opportunities to our extensive network of healthcare and school-based professionals, ready to work in any hospital, government facility, or school. Through partnership and innovation, Amergis creates unmatched staffing experiences to deliver the best workforce solutions.  
						
Amergis is an equal opportunity/affirmative action employer. All qualified applicants will receive consideration for employment without regard to sex, gender identity, sexual orientation, race, color, religion, national origin, disability, protected Veteran status, age, or any other characteristic protected by law.",https://careers.amergis.com/job/888836-hybrid-school-psychologist-killeen-texas/
Speech Language Pathologist 25/26 School Year,"Sheboygan, Wisconsin",Category: Education,,Contract - Full Time,,,Contract Duration: 36 Weeks,Work Setting: Schools,Est. Pay: $2600 / Week,,Posted Date: 4/28/2025,"The Speech-Language Pathologist in the school setting isresponsible for performing student evaluations as well as providing anddocumenting therapy services in accordance with the plan of care developed foreach individual student and the physician’s orders. 
Minimum Requirements:


Active Speech Language Pathologist (SLP) Licensure in thestate of assignment required 
Certificate of Clinical Competence in Speech-LanguagePathology (CCC-SLP) preferred and may be required by state/contract. 
Current CPR if applicable 
TB questionnaire, PPD or chest x-ray if applicable  
Current Health certificate (per contract or stateregulation)  
Must meet all federal, state and local requirements 
Must be at least 18 years of age
They areopen to virtual candidates to work with the middle school and high schoolstudents, but elementary must be in person.


Benefits
At Amergis, we firmly believe that our employees are the heartbeat of our organization and we are happy to offer the following benefits:


Competitive pay & weekly paychecks
Health, dental, vision, and life insurance
401(k) savings plan
Awards and recognition programs 

*Benefit eligibility is dependent on employment status. 
												
About Amergis
Amergis, formerly known as Maxim Healthcare Staffing, has served our clients and communities by connecting people to the work that matters since 1988. We provide meaningful opportunities to our extensive network of healthcare and school-based professionals, ready to work in any hospital, government facility, or school. Through partnership and innovation, Amergis creates unmatched staffing experiences to deliver the best workforce solutions.  
						
Amergis is an equal opportunity/affirmative action employer. All qualified applicants will receive consideration for employment without regard to sex, gender identity, sexual orientation, race, color, religion, national origin, disability, protected Veteran status, age, or any other characteristic protected by law.",https://careers.amergis.com/job/867609-speech-language-pathologist-25-26-school-year-sheboygan-wisconsin/
ESE Teacher - 2025-2026 School Year,"Land O Lakes, Florida",Category: Education,,Contract Duration: 39 Weeks,,,Contract Duration: 39 Weeks,Work Setting: Schools,Est. Pay: $1100 / Week,,Posted Date: 4/28/2025,"ESE Teachers Needed in Pasco County for the 2025-2026 School Year!
The Special Education Teacher, under the direction of theSpecial Education Program Administrator provides quality services to specialeducation students, kindergarten through grade 12.  The Special Education Teacher has a commitmentto team participation in planning and implementation of student programsincluding special instruction, tutorial assistance and consultation withgeneral education staff.   
Minimum Requirements:  


Bachelor’s Degree from an accredited universitypreferred  
Valid state teaching certificate as required by state,contract/district regulations  
Minimum of one year experience in teaching environmentpreferred  
State Teacher Certification; Type: Standard ElementaryTeaching preferred 
State Teacher Certification; Type: Standard SecondaryTeaching preferred 
State Teacher Certification; Type: Standard Special Teachingpreferred 
Endorsement: Learning Behavior Specialist (LBS1) preferred
Current CPR if applicable 
TB Questionnaire, PPD or chest x-ray if applicable  
Current Health certificate (per contract or stateregulation)  
Must meet all federal, state and local requirements 
Must be at least 18 years of age 

Benefits
At Amergis, we firmly believe that our employees are the heartbeat of our organization and we are happy to offer the following benefits:


Competitive pay & weekly paychecks
Health, dental, vision, and life insurance
401(k) savings plan
Awards and recognition programs 

*Benefit eligibility is dependent on employment status. 
												
About Amergis
Amergis, formerly known as Maxim Healthcare Staffing, has served our clients and communities by connecting people to the work that matters since 1988. We provide meaningful opportunities to our extensive network of healthcare and school-based professionals, ready to work in any hospital, government facility, or school. Through partnership and innovation, Amergis creates unmatched staffing experiences to deliver the best workforce solutions.  
						
Amergis is an equal opportunity/affirmative action employer. All qualified applicants will receive consideration for employment without regard to sex, gender identity, sexual orientation, race, color, religion, national origin, disability, protected Veteran status, age, or any other characteristic protected by law.",https://careers.amergis.com/job/867851-ese-teacher-2025-2026-school-year-land-o-lakes-florida/
Weekly Pay! - School Physical Therapist,"Los Angeles, California",Category: Education,,Contract - Full Time,,,Contract Duration: 52 Weeks,Work Setting: Schools,Est. Pay: $19 / Hour,,Posted Date: 5/30/2025,"Position Summary:
Amergis is seeking a licensed and experienced School Physical Therapist to provide direct and consultative physical therapy services to students in public school settings. The therapist will support students with physical disabilities and motor challenges to access their educational environment and participate in school activities.
Key Responsibilities:

Conduct assessments and evaluations to determine students’ physical therapy needs in accordance with IDEA and Section 504.
Develop and implement individualized therapy plans aligned with IEP goals.
Provide direct physical therapy services to students in school settings.
Collaborate with teachers, school staff, and families to support student mobility and participation.
Maintain accurate documentation and progress reports in compliance with FERPA, HIPAA, and district policies.
Participate in IEP meetings and contribute to multidisciplinary team planning.
Provide training and consultation to school staff on positioning, mobility, and adaptive equipment.

Qualifications:

Graduate of an accredited Physical Therapy program.
Current and valid California Physical Therapist License issued by the Physical Therapy Board of California.
Minimum of 1 year of pediatric or school-based physical therapy experience preferred.
Valid CPR and First Aid certification.
Knowledge of California education regulations, IEP process, and best practices in school-based therapy.



Location: Los Angeles, CA
Pay Rate: $55–$65 per hour (DOE)
Job Type: Full-Time


Benefits
At Amergis, we firmly believe that our employees are the heartbeat of our organization and we are happy to offer the following benefits:


Competitive pay & weekly paychecks
Health, dental, vision, and life insurance
401(k) savings plan
Awards and recognition programs 

*Benefit eligibility is dependent on employment status. 
												
About Amergis
Amergis, formerly known as Maxim Healthcare Staffing, has served our clients and communities by connecting people to the work that matters since 1988. We provide meaningful opportunities to our extensive network of healthcare and school-based professionals, ready to work in any hospital, government facility, or school. Through partnership and innovation, Amergis creates unmatched staffing experiences to deliver the best workforce solutions.  
						
Amergis is an equal opportunity/affirmative action employer. All qualified applicants will receive consideration for employment without regard to sex, gender identity, sexual orientation, race, color, religion, national origin, disability, protected Veteran status, age, or any other characteristic protected by law.",https://careers.amergis.com/job/874241-weekly-pay-school-physical-therapist-los-angeles-california/
Occupational Therapist K-12 25/26 School Year,"Medford, Oregon",Category: Education,,Contract Duration: 39 Weeks,,,Contract Duration: 39 Weeks,Work Setting: Schools,Est. Pay: $2846 / Week,,Posted Date: 5/23/2025,"The Occupational Therapist (OT) is responsible forperforming student evaluations, developing and providing therapy services, anddocumenting services in accordance with the plan of care developed for eachstudent.    
Minimum Requirements:


Current licensure as an Occupational Therapist in the Stateof practice
One (1) year of prior professional Occupational Therapyexperience preferred
Current CPR if applicable
TB Questionnaire, PPD or chest x-ray if applicable
Current Health certificate (per contract or stateregulation)
Must meet all federal, state and local requirements
Must be at least 18 years of age




Benefits
At Amergis, we firmly believe that our employees are the heartbeat of our organization and we are happy to offer the following benefits:


Competitive pay & weekly paychecks
Health, dental, vision, and life insurance
401(k) savings plan
Awards and recognition programs 

*Benefit eligibility is dependent on employment status. 
												
About Amergis
Amergis, formerly known as Maxim Healthcare Staffing, has served our clients and communities by connecting people to the work that matters since 1988. We provide meaningful opportunities to our extensive network of healthcare and school-based professionals, ready to work in any hospital, government facility, or school. Through partnership and innovation, Amergis creates unmatched staffing experiences to deliver the best workforce solutions.  
						
Amergis is an equal opportunity/affirmative action employer. All qualified applicants will receive consideration for employment without regard to sex, gender identity, sexual orientation, race, color, religion, national origin, disability, protected Veteran status, age, or any other characteristic protected by law.",https://careers.amergis.com/job/872845-occupational-therapist-k-12-25-26-school-year-medford-oregon/
"School LPN - Columbus, OH","Columbus, Ohio",Category: Education,,Contract - Full Time,,,Contract Duration: 12 Weeks,Work Setting: Schools,Est. Pay: $1125 / Week,,Posted Date: 7/25/2025,"The School Nurse assumes responsibility and accountability for the application of the nursing process and the delivery of student/client care and/or contracted services in a school setting. The School Nurse may also be in a supervisory position within the contracted services. The School Nurse provides services in accordance with Amergis Healthcare Staffing’s philosophy, standards, policies and physician orders.
 Minimum Requirements:


Graduate of an accredited registered, practical or vocational nursing program
Licensed as a Licensed Practical, Licensed Vocational or Registered Nurse in state(s) where practicing
One year of professional experience, preferred
Current CPR
PPD or chest x-ray if applicable
Current Health certificate (per contract or state regulation)
Must meet all federal, state and local requirements
Must be at least 18 years of age









Benefits
At Amergis, we firmly believe that our employees are the heartbeat of our organization and we are happy to offer the following benefits:


Competitive pay & weekly paychecks
Health, dental, vision, and life insurance
401(k) savings plan
Awards and recognition programs 

*Benefit eligibility is dependent on employment status. 
												
About Amergis
Amergis, formerly known as Maxim Healthcare Staffing, has served our clients and communities by connecting people to the work that matters since 1988. We provide meaningful opportunities to our extensive network of healthcare and school-based professionals, ready to work in any hospital, government facility, or school. Through partnership and innovation, Amergis creates unmatched staffing experiences to deliver the best workforce solutions.  
						
Amergis is an equal opportunity/affirmative action employer. All qualified applicants will receive consideration for employment without regard to sex, gender identity, sexual orientation, race, color, religion, national origin, disability, protected Veteran status, age, or any other characteristic protected by law.",https://careers.amergis.com/job/886020-school-lpn-columbus-oh-columbus-ohio/
Mod/Severe Special Education Teacher 25/26 School Year,"Modesto, California",Category: Education,,Contract - Full Time,,,Contract Duration: 36 Weeks,Work Setting: Schools,Est. Pay: $1625 / Week,,Posted Date: 7/18/2025,"The Special Education Teacher, under the direction of theSpecial Education Program Administrator provides quality services to specialeducation students, kindergarten through grade 12.  The Special Education Teacher has acommitment to team participation in planning and implementation of studentprograms including special instruction, tutorial assistance and consultationwith general education staff.   
Minimum Requirements:  


Bachelor’s Degree from an accredited universitypreferred  
Valid state teaching certificate as required by state,contract/district regulations  
Minimum of one year experience in teaching environmentpreferred  
State Teacher Certification; Type: Standard ElementaryTeaching preferred 
State Teacher Certification; Type: Standard SecondaryTeaching preferred 
State Teacher Certification; Type: Standard Special Teachingpreferred 
Endorsement: Learning Behavior Specialist (LBS1) preferred 
Complies with all relevant professional standards ofpractice  
Current CPR if applicable 
TB questionnaire, PPD or chest x-ray if applicable  
Current Health certificate (per contract or stateregulation)  
Must meet all federal, state and local requirements  
Must be at least 18 years of age  


ESN teachers for Highly Structured Autismclass 
Preschool and school age K-3 as well as a likelyneed for Elementary Functional Skills


Benefits
At Amergis, we firmly believe that our employees are the heartbeat of our organization and we are happy to offer the following benefits:


Competitive pay & weekly paychecks
Health, dental, vision, and life insurance
401(k) savings plan
Awards and recognition programs 

*Benefit eligibility is dependent on employment status. 
												
About Amergis
Amergis, formerly known as Maxim Healthcare Staffing, has served our clients and communities by connecting people to the work that matters since 1988. We provide meaningful opportunities to our extensive network of healthcare and school-based professionals, ready to work in any hospital, government facility, or school. Through partnership and innovation, Amergis creates unmatched staffing experiences to deliver the best workforce solutions.  
						
Amergis is an equal opportunity/affirmative action employer. All qualified applicants will receive consideration for employment without regard to sex, gender identity, sexual orientation, race, color, religion, national origin, disability, protected Veteran status, age, or any other characteristic protected by law.",https://careers.amergis.com/job/884384-mod-severe-special-education-teacher-25-26-school-year-modesto-california/
Special Education Teacher,"St. Louis, Missouri",Category: Education,,Contract Duration: 40 Weeks,,,Contract Duration: 40 Weeks,Work Setting: Schools,Est. Pay: $1150 / Week,,Posted Date: 8/11/2025,"The Special Education Teacher, under the direction of the Special Education Program Administrator provides quality services to special education students, kindergarten through grade 12.  The Special Education Teacher has a commitment to team participation in planning and implementation of student programs including special instruction, tutorial assistance and consultation with general education staff.  


Grade Level: Elementary and High School 
Caseload: TBD 
Schedule: Monday-Friday; TBD
Requirements: Mild/Mod Certification

Minimum Requirements:  


Bachelor’s Degree from an accredited university preferred 
Valid state teaching certificate as required by state, contract/district regulations 
Minimum of one year experience in teaching environment preferred 
State Teacher Certification; Type: Standard Elementary Teaching preferred
State Teacher Certification; Type: Standard Secondary Teaching preferred
State Teacher Certification; Type: Standard Special Teaching preferred
Endorsement: Learning Behavior Specialist (LBS1) preferred
Complies with all relevant professional standards of practice 
Current CPR if applicable 
TB questionnaire, PPD or chest x-ray if applicable 
Current Health certificate (per contract or state regulation) 
Must meet all federal, state and local requirements 
Must be at least 18 years of age


Benefits
At Amergis, we firmly believe that our employees are the heartbeat of our organization and we are happy to offer the following benefits:


Competitive pay & weekly paychecks
Health, dental, vision, and life insurance
401(k) savings plan
Awards and recognition programs 

*Benefit eligibility is dependent on employment status. 
												
About Amergis
Amergis, formerly known as Maxim Healthcare Staffing, has served our clients and communities by connecting people to the work that matters since 1988. We provide meaningful opportunities to our extensive network of healthcare and school-based professionals, ready to work in any hospital, government facility, or school. Through partnership and innovation, Amergis creates unmatched staffing experiences to deliver the best workforce solutions.  
						
Amergis is an equal opportunity/affirmative action employer. All qualified applicants will receive consideration for employment without regard to sex, gender identity, sexual orientation, race, color, religion, national origin, disability, protected Veteran status, age, or any other characteristic protected by law.",https://careers.amergis.com/job/889579-special-education-teacher-st-louis-missouri/
25/26 SY School PTA - paying $40/hour!,"Yuma, Arizona",Category: Education,,Contract - Full Time,,,Contract Duration: 40 Weeks,Work Setting: Schools,Est. Pay: $1600 / Week,,Posted Date: 4/10/2025,"The Physical Therapy Assistant provides physical therapyservices, including treatment, implementation, and documentation, under thedirection of the Physical Therapist and in accordance with the physician’s planof care.  
MinimumRequirements: 


 Current licensure asa Physical Therapist Assistant in the state of practice  
One (1) year of prior professional Physical TherapyAssistant experience preferred. 
Current CPR if applicable 
TB Questionnaire, PPD or chest x-ray if applicable  
Current Health certificate (per contract or stateregulation)  
Must meet all federal, state and local requirements 
Must be at least 18 years of age


Benefits
At Amergis, we firmly believe that our employees are the heartbeat of our organization and we are happy to offer the following benefits:


Competitive pay & weekly paychecks
Health, dental, vision, and life insurance
401(k) savings plan
Awards and recognition programs 

*Benefit eligibility is dependent on employment status. 
												
About Amergis
Amergis, formerly known as Maxim Healthcare Staffing, has served our clients and communities by connecting people to the work that matters since 1988. We provide meaningful opportunities to our extensive network of healthcare and school-based professionals, ready to work in any hospital, government facility, or school. Through partnership and innovation, Amergis creates unmatched staffing experiences to deliver the best workforce solutions.  
						
Amergis is an equal opportunity/affirmative action employer. All qualified applicants will receive consideration for employment without regard to sex, gender identity, sexual orientation, race, color, religion, national origin, disability, protected Veteran status, age, or any other characteristic protected by law.",https://careers.amergis.com/job/864725-25-26-sy-school-pta-paying-40-hour-yuma-arizona/
SPEDs Teacher Needed | Lakeville MN | 25-26 SY,"Lakeville, Minnesota",Category: Education,,Contract - Full Time,,,Contract Duration: 52 Weeks,Work Setting: Schools,Est. Pay: $1880 / Week,,Posted Date: 5/20/2025,"My organization, Amergis Staffing, issearching for SpecialEducation Teachers  to join ourteam of incredible professionals working in school systems within Lakeville MN!!
 
Here are thedetails for a great opportunity:
-Location: LakevilleMN
-Length: 25-26school year 
-Hours: 40hour work week
-Detail: 9/2start. ASD, EBD, DCD, Tier 3 or 4.
 
-Pay: $47/hour
 
If interested,please feel free to reply with your confirmed interest and I will reach out todiscuss the position further, address any questions or concerns, and we cantake the next steps. If not, that is okay too! I do staff nationwide and wouldbe happy to review other options that will fit you better! I look forward tohearing from you!
 
Qualifications

Bachelor’s Degree from accredited college or     university with an emphasis in appropriate field preferred. 
Transcripts Preferred. 
State Teacher Certification; Type: Standard     Elementary Teaching, Standard Secondary Teaching, and Standard     Special Teaching preferred. 
Endorsement: Learning Behavior Specialist (LBS1)     preferred. 
Full command, verbal and written, of the English     language. 
Current TB results and/or chest X-ray. 

 
Amergis offers the following benefits:

Medical, Dental,     Vision, and Life Insurance 
401k Program
Competitive     (weekly) Pay
Flexible     Scheduling 
Direct     Deposit 
Travel Benefits     (as applicable)
24 hour on-call     service  

Amergis is a leading provider of home healthcare,medical-related staffing, travel nursing, and population health and wellnessservices across the United States. As an established community partner, we havebeen making a difference in the lives of our employees, caregivers, andpatients for more than 25 years. 
Our commitment to customer service, improving patient care,and staffing experienced healthcare professionals has paved the way for manyrewarding career opportunities in the healthcare industry. 
Benefits
At Amergis, we firmly believe that our employees are the heartbeat of our organization and we are happy to offer the following benefits:


Competitive pay & weekly paychecks
Health, dental, vision, and life insurance
401(k) savings plan
Awards and recognition programs 

*Benefit eligibility is dependent on employment status. 
												
About Amergis
Amergis, formerly known as Maxim Healthcare Staffing, has served our clients and communities by connecting people to the work that matters since 1988. We provide meaningful opportunities to our extensive network of healthcare and school-based professionals, ready to work in any hospital, government facility, or school. Through partnership and innovation, Amergis creates unmatched staffing experiences to deliver the best workforce solutions.  
						
Amergis is an equal opportunity/affirmative action employer. All qualified applicants will receive consideration for employment without regard to sex, gender identity, sexual orientation, race, color, religion, national origin, disability, protected Veteran status, age, or any other characteristic protected by law.",https://careers.amergis.com/job/872144-speds-teacher-needed-lakeville-mn-25-26-sy-lakeville-minnesota/
Special Education Teacher,"Topsham, Maine",Category: Education,,Contract - Full Time,,,Contract Duration: 39 Weeks,Work Setting: Schools,Est. Pay: $1920 / Week,,Posted Date: 7/31/2025,"The Special Education Teacher, under the direction of theSpecial Education Program Administrator provides quality services to specialeducation students, kindergarten through grade 12.  The Special Education Teacher has acommitment to team participation in planning and implementation of studentprograms including special instruction, tutorial assistance and consultationwith general education staff.   
SPED in-person
K-5
License needed: 282 or conditional 282
Call or Text:813-280-8809
Email: Jearisti@amergis.com
Minimum Requirements:  


Bachelor’s Degree from an accredited universitypreferred  
Valid state teaching certificate as required by state,contract/district regulations  
Minimum of one year experience in teaching environmentpreferred  
State Teacher Certification; Type: Standard ElementaryTeaching preferred 
State Teacher Certification; Type: Standard SecondaryTeaching preferred 
State Teacher Certification; Type: Standard Special Teachingpreferred 
Endorsement: Learning Behavior Specialist (LBS1) preferred 
Complies with all relevant professional standards ofpractice  
Current CPR if applicable 
TB questionnaire, PPD or chest x-ray if applicable  
Current Health certificate (per contract or stateregulation)  
Must meet all federal, state and local requirements  
Must be at least 18 years of age  


Benefits
At Amergis, we firmly believe that our employees are the heartbeat of our organization and we are happy to offer the following benefits:


Competitive pay & weekly paychecks
Health, dental, vision, and life insurance
401(k) savings plan
Awards and recognition programs 

*Benefit eligibility is dependent on employment status. 
												
About Amergis
Amergis, formerly known as Maxim Healthcare Staffing, has served our clients and communities by connecting people to the work that matters since 1988. We provide meaningful opportunities to our extensive network of healthcare and school-based professionals, ready to work in any hospital, government facility, or school. Through partnership and innovation, Amergis creates unmatched staffing experiences to deliver the best workforce solutions.  
						
Amergis is an equal opportunity/affirmative action employer. All qualified applicants will receive consideration for employment without regard to sex, gender identity, sexual orientation, race, color, religion, national origin, disability, protected Veteran status, age, or any other characteristic protected by law.",https://careers.amergis.com/job/887345-special-education-teacher-topsham-maine/
Special Education Teacher 25/26 School Year,"Oak Forest, Illinois",Category: Education,,Contract Duration: 39 Weeks,,,Contract Duration: 39 Weeks,Work Setting: Schools,Est. Pay: $805 / Week,,Posted Date: 6/10/2025,"The Special Education Teacher, under the direction of theSpecial Education Program Administrator provides quality services to specialeducation students, kindergarten through grade 12.  The Special Education Teacher has a commitmentto team participation in planning and implementation of student programsincluding special instruction, tutorial assistance and consultation withgeneral education staff.   
Minimum Requirements:  


Bachelor’s Degree from an accredited universitypreferred  
Valid state teaching certificate as required by state,contract/district regulations  
Minimum of one year experience in teaching environmentpreferred  
State Teacher Certification; Type: Standard ElementaryTeaching preferred 
State Teacher Certification; Type: Standard SecondaryTeaching preferred 
State Teacher Certification; Type: Standard Special Teachingpreferred 
Endorsement: Learning Behavior Specialist (LBS1) preferred
Current CPR if applicable 
TB Questionnaire, PPD or chest x-ray if applicable  
Current Health certificate (per contract or stateregulation)  
Must meet all federal, state and local requirements 
Must be at least 18 years of age 

Benefits
At Amergis, we firmly believe that our employees are the heartbeat of our organization and we are happy to offer the following benefits:


Competitive pay & weekly paychecks
Health, dental, vision, and life insurance
401(k) savings plan
Awards and recognition programs 

*Benefit eligibility is dependent on employment status. 
												
About Amergis
Amergis, formerly known as Maxim Healthcare Staffing, has served our clients and communities by connecting people to the work that matters since 1988. We provide meaningful opportunities to our extensive network of healthcare and school-based professionals, ready to work in any hospital, government facility, or school. Through partnership and innovation, Amergis creates unmatched staffing experiences to deliver the best workforce solutions.  
						
Amergis is an equal opportunity/affirmative action employer. All qualified applicants will receive consideration for employment without regard to sex, gender identity, sexual orientation, race, color, religion, national origin, disability, protected Veteran status, age, or any other characteristic protected by law.",https://careers.amergis.com/job/875968-special-education-teacher-25-26-school-year-oak-forest-illinois/
Paraprofessional - Sign Language,"Bartow, Florida",Category: Education,,Contract - Full Time,,,Contract Duration: 39 Weeks,Work Setting: Schools,Est. Pay: $25 / Hour,,Posted Date: 7/8/2025,"The Amergis Educational Services Team is currently seeking Paraprofessionals certified in American Sign Language (ASL) for schools within Lakeland, Winter Haven, Bartow and surrounding areas for the Full 2025-26 School Year.
 
Position Details: 
Pay: $25 per hour
Schedule: Monday-Friday
Start Date: August 2025
Length of Contract: 2025-26 school year (high possibility of extension into the following school year and option to go internal directly with school)
Benefits: Weekly Pay, Full Benefits including Medical, Vision, Dental, 401k, and more
Other Details: Very quick interviews and feedback, Virtual interviews. 
Requirements: 

• Sixty (60) or more college credit hours or an Associate’s degree or higher from an accredited school or a passing score on the Para Pro exam required.

• Must be certified in American Sign Language.


* Please note that this pay range represents a good faith estimate of the compensation that will be offered for this position based on the circumstances. The actual pay offered to a successful candidate will take into account a wide range of factors, including but not limited to location, experience, and other variable factors.

To connect directly with a recruiter you can apply or reach out via the info below:

DeAngelo LeGrier
Phone: 813-421-6664
Email: Delegrie@amergis.com

The School Aide is an individual who works with students requiring instructional, and/or behavioral assistance under the supervision of the special education department, teacher and/or supervising designee.  The School Aide may also provide support services to assist students with personal, physical mobility and therapeutic care needs, as established by a rehabilitation health practitioner, social worker or other health care professional. 
Minimum Requirements:


High School diploma or equivalent required
Comply with all relevant professional standards of practice 
Current CPR if applicable
TB questionnaire, PPD or chest x-ray if applicable 
Current Health certificate (per contract or state regulation) 
Must meet all federal, state and local requirements   
Must be at least 18 years of age  

Benefits
At Amergis, we firmly believe that our employees are the heartbeat of our organization and we are happy to offer the following benefits:


Competitive pay & weekly paychecks
Health, dental, vision, and life insurance
401(k) savings plan
Awards and recognition programs 

*Benefit eligibility is dependent on employment status. 
												
About Amergis
Amergis, formerly known as Maxim Healthcare Staffing, has served our clients and communities by connecting people to the work that matters since 1988. We provide meaningful opportunities to our extensive network of healthcare and school-based professionals, ready to work in any hospital, government facility, or school. Through partnership and innovation, Amergis creates unmatched staffing experiences to deliver the best workforce solutions.  
						
Amergis is an equal opportunity/affirmative action employer. All qualified applicants will receive consideration for employment without regard to sex, gender identity, sexual orientation, race, color, religion, national origin, disability, protected Veteran status, age, or any other characteristic protected by law.",https://careers.amergis.com/job/881759-paraprofessional-sign-language-bartow-florida/
Board Certified Behavior Analyst - 2025/2026 School Year,"Birmingham, Alabama",Category: Education,,Contract Duration: 39 Weeks,,,Contract Duration: 39 Weeks,Work Setting: Healthcare Facilities,Est. Pay: $1340 / Week,,Posted Date: 6/16/2025,"School BCBA’s Needed in Birmingham, Alabama for the 2025/2026 School Year!

They are requiring 1.5 years of experience 
Prefer Schools background but open to clinic background
Interviews will be held – we have asked that we receive 24-48 hour feedback. 
Thursdays and Fridays are typically best for interviews with POC

The Board Certified Behavior Analyst – ES providesconsultation, training, conducts behavioral evaluations and develops/implementsbehavior intervention plans for individuals with academic and behavioraldeficits.  The Board Certified BehaviorAnalyst – ES acts as a clinical teacher who educates, observes, assesses, andsupervises educational activities and behavioral service delivery in the schoolsetting. 
Minimum Requirements:  


Current Board Certified Behavior Analyst (BCBA)certification from the Behavior Analyst Certification Board (BACB) 
Master’s degree in applied behavior analysis, teaching,psychology or related field 
Preferred experience providing behavior analytic programsand services in schools 
One (1) year minimum pediatric experience preferred 
Complies with all relevant professional standards ofpractice  
Current CPR if applicable 
TB questionnaire, PPD or chest x-ray if applicable  
Current Health certificate (per contract or stateregulation)  
Must meet all federal, state and local requirements  
Must be at least 18 years of age




Benefits
At Amergis, we firmly believe that our employees are the heartbeat of our organization and we are happy to offer the following benefits:


Competitive pay & weekly paychecks
Health, dental, vision, and life insurance
401(k) savings plan
Awards and recognition programs 

*Benefit eligibility is dependent on employment status. 
												
About Amergis
Amergis, formerly known as Maxim Healthcare Staffing, has served our clients and communities by connecting people to the work that matters since 1988. We provide meaningful opportunities to our extensive network of healthcare and school-based professionals, ready to work in any hospital, government facility, or school. Through partnership and innovation, Amergis creates unmatched staffing experiences to deliver the best workforce solutions.  
						
Amergis is an equal opportunity/affirmative action employer. All qualified applicants will receive consideration for employment without regard to sex, gender identity, sexual orientation, race, color, religion, national origin, disability, protected Veteran status, age, or any other characteristic protected by law.",https://careers.amergis.com/job/877349-board-certified-behavior-analyst-2025-2026-school-year-birmingham-alabama/
"Behavior Tech Schools - Chambersburg, PA","Chambersburg, Pennsylvania",Category: Education,,Contract - Full Time,,,Contract Duration: 39 Weeks,Work Setting: Schools,Est. Pay: $665 / Week,,Posted Date: 8/8/2025,"The Behavior Technician works to facilitate educational and behavioral services with children and adults with special needs and collaborates with school professionals and other behavioral specialists to achieve learning and behavioral goals and objectives.
Minimum Requirements:


High School diploma or equivalent required
Two (2) years of pediatric experience preferred
Current CPR if applicable
TB questionnaire, PPD or chest x-ray if applicable   
Must meet all federal, state and local requirements 
Must be at least 18 years of age

Benefits
At Amergis, we firmly believe that our employees are the heartbeat of our organization and we are happy to offer the following benefits:


Competitive pay & weekly paychecks
Health, dental, vision, and life insurance
401(k) savings plan
Awards and recognition programs 

*Benefit eligibility is dependent on employment status. 
												
About Amergis
Amergis, formerly known as Maxim Healthcare Staffing, has served our clients and communities by connecting people to the work that matters since 1988. We provide meaningful opportunities to our extensive network of healthcare and school-based professionals, ready to work in any hospital, government facility, or school. Through partnership and innovation, Amergis creates unmatched staffing experiences to deliver the best workforce solutions.  
						
Amergis is an equal opportunity/affirmative action employer. All qualified applicants will receive consideration for employment without regard to sex, gender identity, sexual orientation, race, color, religion, national origin, disability, protected Veteran status, age, or any other characteristic protected by law.",https://careers.amergis.com/job/889245-behavior-tech-schools-chambersburg-pa-chambersburg-pennsylvania/
Speech Language Pathologist (SLP). 2025-2026 School Year,"Lodi, California",Category: Education,,Contract - Full Time,,,Contract Duration: 36 Weeks,Work Setting: Schools,Est. Pay: $3600 / Week,,Posted Date: 3/19/2025,"The Speech-Language Pathologist in the school setting is responsible for performing student evaluations as well as providing and documenting therapy services in accordance with the plan of care developed for each individual student and the physician’s orders. 
Minimum Requirements:


Active Speech Language Pathologist (SLP) Licensure in the state of assignment required 
Certificate of Clinical Competence in Speech-Language Pathology (CCC-SLP) preferred and may be required by state/contract. 
Current CPR if applicable 
TB questionnaire, PPD or chest x-ray if applicable  
Current Health certificate (per contract or state regulation)  
Must meet all federal, state and local requirements 
Must be at least 18 years of age 


Benefits
At Amergis, we firmly believe that our employees are the heartbeat of our organization and we are happy to offer the following benefits:


Competitive pay & weekly paychecks
Health, dental, vision, and life insurance
401(k) savings plan
Awards and recognition programs 

*Benefit eligibility is dependent on employment status. 
												
About Amergis
Amergis, formerly known as Maxim Healthcare Staffing, has served our clients and communities by connecting people to the work that matters since 1988. We provide meaningful opportunities to our extensive network of healthcare and school-based professionals, ready to work in any hospital, government facility, or school. Through partnership and innovation, Amergis creates unmatched staffing experiences to deliver the best workforce solutions.  
						
Amergis is an equal opportunity/affirmative action employer. All qualified applicants will receive consideration for employment without regard to sex, gender identity, sexual orientation, race, color, religion, national origin, disability, protected Veteran status, age, or any other characteristic protected by law.",https://careers.amergis.com/job/861194-speech-language-pathologist-slp-2025-2026-school-year-lodi-california/
Speech Language Pathologist - School Setting - Ont,"Ontario, California",Category: Education,,Contract - Full Time,,,Contract Duration: 52 Weeks,Work Setting: Schools,Est. Pay: $3200 / Week,,Posted Date: 8/11/2025,"The Speech-Language Pathologist in the school setting isresponsible for performing student evaluations as well as providing anddocumenting therapy services in accordance with the plan of care developed foreach individual student and the physician’s orders. 
Minimum Requirements: 


Active  SpeechLanguage Pathologist (SLP) Licensure in the state of assignment required 
Certificate of Clinical Competence in Speech-LanguagePathology (CCC-SLP) preferred and may be required by state/contract.  
Complies with all relevant professional standards ofpractice  
Current CPR if applicable 
TB questionnaire, PPD or chest x-ray if applicable  
Current Health certificate (per contract or stateregulation)  
Must meet all federal, state and local requirements  
Must be at least 18 years of age  


Hiring now for the 2025-2026 school year.
M-F – Full time position (travel option)
Competitive compensation – $75/hr – $80/hr+ (depending onexperience)
Benefits including 401k
For faster service, email: chmalone @ amergis .com



Benefits
At Amergis, we firmly believe that our employees are the heartbeat of our organization and we are happy to offer the following benefits:


Competitive pay & weekly paychecks
Health, dental, vision, and life insurance
401(k) savings plan
Awards and recognition programs 

*Benefit eligibility is dependent on employment status. 
												
About Amergis
Amergis, formerly known as Maxim Healthcare Staffing, has served our clients and communities by connecting people to the work that matters since 1988. We provide meaningful opportunities to our extensive network of healthcare and school-based professionals, ready to work in any hospital, government facility, or school. Through partnership and innovation, Amergis creates unmatched staffing experiences to deliver the best workforce solutions.  
						
Amergis is an equal opportunity/affirmative action employer. All qualified applicants will receive consideration for employment without regard to sex, gender identity, sexual orientation, race, color, religion, national origin, disability, protected Veteran status, age, or any other characteristic protected by law.",https://careers.amergis.com/job/889635-speech-language-pathologist-school-setting-ont-ontario-california/
Speech Language Pathologist - Schools,"Vista, California",Category: Education,,Contract - Part Time,,,Contract Duration: 52 Weeks,Work Setting: Schools,Est. Pay: $2400 / Week,,Posted Date: 5/6/2025,"Amergis Staffing is currentlyseeking Speech Language Pathologist  forthe  2025/2026  school year in the Vista, CA area.
 
Position Details: 
 
Schedule: Monday – Friday
Hours/Week: 30hours Weekly
Start Date: June 2th,  2025
Length: 2025/2026 School Year 
Details: 
 
Feel free to contact me if youare interested. Email: Cebattle@amergis.comor Phone: (813) 462-3553
 
 
Amergis Advantages
Weekly pay through directdeposit
We have offices in most majorcities across the country
Premium pay rates with taxadvantage compensation
Health/Dental/Vision Insuranceavailable on 1st of month
Weekly pay through directdeposit
Fully furnished, private housingavailable (pets are welcomed)
Expense reimbursement for traveland state licensure available
Accessible via office phone,email, or text

Emergency, On-call line,available 24/7



The Speech-Language Pathologist in the school setting isresponsible for performing student evaluations as well as providing anddocumenting therapy services in accordance with the plan of care developed foreach individual student and the physician’s orders.
Minimum Requirements:


Active Speech Language Pathologist (SLP) Licensure in thestate of assignment required 
Certificate of Clinical Competence in Speech-LanguagePathology (CCC-SLP) preferred and may be required by state/contract. 
Current CPR if applicable 
TB questionnaire, PPD or chest x-ray if applicable  
Current Health certificate (per contract or stateregulation)  
Must meet all federal, state and local requirements 
Must be at least 18 years of age 


Benefits
At Amergis, we firmly believe that our employees are the heartbeat of our organization and we are happy to offer the following benefits:


Competitive pay & weekly paychecks
Health, dental, vision, and life insurance
401(k) savings plan
Awards and recognition programs 

*Benefit eligibility is dependent on employment status. 
												
About Amergis
Amergis, formerly known as Maxim Healthcare Staffing, has served our clients and communities by connecting people to the work that matters since 1988. We provide meaningful opportunities to our extensive network of healthcare and school-based professionals, ready to work in any hospital, government facility, or school. Through partnership and innovation, Amergis creates unmatched staffing experiences to deliver the best workforce solutions.  
						
Amergis is an equal opportunity/affirmative action employer. All qualified applicants will receive consideration for employment without regard to sex, gender identity, sexual orientation, race, color, religion, national origin, disability, protected Veteran status, age, or any other characteristic protected by law.",https://careers.amergis.com/job/869298-speech-language-pathologist-schools-vista-california/
Speech Language Pathologist - 25-26 School Year,"Overland Park, Kansas",Category: Education,,Contract - Full Time,,,Contract Duration: 39 Weeks,Work Setting: Schools,Est. Pay: $2200 / Week,,Posted Date: 4/30/2025,"Speech Language Pathologist needed in Overland Park, KS!


Hourly Rate: 



$55  



Hours per week: 



40 Hours



25 – 26 School Year



August 2025 – May 2026 



Benefits Offered 


Requirements for the Position:



1+ Year of Experience


KS License, can be obtained after offer if you don’t currently hold one




Interested in learning more? Apply now!

The Speech-Language Pathologist in the school setting isresponsible for performing student evaluations as well as providing anddocumenting therapy services in accordance with the plan of care developed foreach individual student and the physician’s orders. 
Minimum Requirements:


Active Speech Language Pathologist (SLP) Licensure in thestate of assignment required 
Certificate of Clinical Competence in Speech-LanguagePathology (CCC-SLP) preferred and may be required by state/contract. 
Current CPR if applicable 
TB questionnaire, PPD or chest x-ray if applicable  
Current Health certificate (per contract or stateregulation)  
Must meet all federal, state and local requirements 
Must be at least 18 years of age 


Benefits
At Amergis, we firmly believe that our employees are the heartbeat of our organization and we are happy to offer the following benefits:


Competitive pay & weekly paychecks
Health, dental, vision, and life insurance
401(k) savings plan
Awards and recognition programs 

*Benefit eligibility is dependent on employment status. 
												
About Amergis
Amergis, formerly known as Maxim Healthcare Staffing, has served our clients and communities by connecting people to the work that matters since 1988. We provide meaningful opportunities to our extensive network of healthcare and school-based professionals, ready to work in any hospital, government facility, or school. Through partnership and innovation, Amergis creates unmatched staffing experiences to deliver the best workforce solutions.  
						
Amergis is an equal opportunity/affirmative action employer. All qualified applicants will receive consideration for employment without regard to sex, gender identity, sexual orientation, race, color, religion, national origin, disability, protected Veteran status, age, or any other characteristic protected by law.",https://careers.amergis.com/job/868218-speech-language-pathologist-25-26-school-year-overland-park-kansas/
ESE Teacher- Fall 2025- FT,"Kissimmee, Florida",Category: Education,,Contract - Full Time,,,Contract Duration: 39 Weeks,Work Setting: Schools,Est. Pay: $43 / Hour,,Posted Date: 6/17/2025,"Modality & Specialty


Exceptional Student Education Classrooms




Qualifications/Credentials


FLDOE ESE Cert or Statement of Eligibility
2+ years experience








Start Date


 August 12th 2025




Length of Contract


Full school year- 39 weeks




Weekly Schedule


Monday-Friday




Hours/Week


Up to 37.5 hours/ week




Grade Levels


All levels available- please note preferences when submitting and on profile




Duties/Position Details
(class size/site)



Do not have exact details yet- new contract- working on getting meeting set up with ESE director





The Special Education Teacher, under the direction of theSpecial Education Program Administrator provides quality services to specialeducation students, kindergarten through grade 12.  The Special Education Teacher has a commitmentto team participation in planning and implementation of student programsincluding special instruction, tutorial assistance and consultation withgeneral education staff.   
Minimum Requirements:  


Bachelor’s Degree from an accredited universitypreferred  
Valid state teaching certificate as required by state,contract/district regulations  
Minimum of one year experience in teaching environmentpreferred  
State Teacher Certification; Type: Standard ElementaryTeaching preferred 
State Teacher Certification; Type: Standard SecondaryTeaching preferred 
State Teacher Certification; Type: Standard Special Teachingpreferred 
Endorsement: Learning Behavior Specialist (LBS1) preferred
Current CPR if applicable 
TB Questionnaire, PPD or chest x-ray if applicable  
Current Health certificate (per contract or stateregulation)  
Must meet all federal, state and local requirements 
Must be at least 18 years of age 

Benefits
At Amergis, we firmly believe that our employees are the heartbeat of our organization and we are happy to offer the following benefits:


Competitive pay & weekly paychecks
Health, dental, vision, and life insurance
401(k) savings plan
Awards and recognition programs 

*Benefit eligibility is dependent on employment status. 
												
About Amergis
Amergis, formerly known as Maxim Healthcare Staffing, has served our clients and communities by connecting people to the work that matters since 1988. We provide meaningful opportunities to our extensive network of healthcare and school-based professionals, ready to work in any hospital, government facility, or school. Through partnership and innovation, Amergis creates unmatched staffing experiences to deliver the best workforce solutions.  
						
Amergis is an equal opportunity/affirmative action employer. All qualified applicants will receive consideration for employment without regard to sex, gender identity, sexual orientation, race, color, religion, national origin, disability, protected Veteran status, age, or any other characteristic protected by law.",https://careers.amergis.com/job/877596-ese-teacher-fall-2025-ft-kissimmee-florida/
Behavior Technician - 25/26 School Year!,"Novato, California",Category: Education,,Contract - Full Time,,,Contract Duration: 36 Weeks,Work Setting: Schools,Est. Pay: $25 / Hour,,Posted Date: 7/21/2025,"The Behavior Technician works to facilitate educational andbehavioral services with children and adults with special needs andcollaborates with school professionals and other behavioral specialists toachieve learning and behavioral goals and objectives. 
Minimum Requirements:


High School diploma or equivalent required 
Two (2) years of pediatric experience preferred
Current CPR if applicable 
TB questionnaire, PPD or chest x-ray if applicable   
Must meet all federal, state and local requirements 
Must be at least 18 years of age



Benefits
At Amergis, we firmly believe that our employees are the heartbeat of our organization and we are happy to offer the following benefits:


Competitive pay & weekly paychecks
Health, dental, vision, and life insurance
401(k) savings plan
Awards and recognition programs 

*Benefit eligibility is dependent on employment status. 
												
About Amergis
Amergis, formerly known as Maxim Healthcare Staffing, has served our clients and communities by connecting people to the work that matters since 1988. We provide meaningful opportunities to our extensive network of healthcare and school-based professionals, ready to work in any hospital, government facility, or school. Through partnership and innovation, Amergis creates unmatched staffing experiences to deliver the best workforce solutions.  
						
Amergis is an equal opportunity/affirmative action employer. All qualified applicants will receive consideration for employment without regard to sex, gender identity, sexual orientation, race, color, religion, national origin, disability, protected Veteran status, age, or any other characteristic protected by law.",https://careers.amergis.com/job/884811-behavior-technician-25-26-school-year-novato-california/
School-based Physical Therapist Assistant (Bonus Potential Available),"Crestwood, Illinois",Category: Education,,Contract - Full Time,,,Contract Duration: 24 Weeks,Work Setting: Schools,Est. Pay: $1750 / Week,,Posted Date: 8/7/2025,"The Physical Therapy Assistant provides physical therapy services, including treatment, implementation, and documentation, under the direction of the Physical Therapist and in accordance with the physician’s plan of care. 
Minimum Requirements:    


Current licensure as a Physical Therapist Assistant in the state of practice 
One (1) year of prior professional Physical Therapy Assistant experience preferred. 
Complies with all relevant professional standards of practice 
Current CPR if applicable
TB questionnaire, PPD or chest x-ray if applicable 
Current Health certificate (per contract or state regulation) 
Must meet all federal, state and local requirements 
Must be at least 18 years of age

Benefits
At Amergis, we firmly believe that our employees are the heartbeat of our organization and we are happy to offer the following benefits:


Competitive pay & weekly paychecks
Health, dental, vision, and life insurance
401(k) savings plan
Awards and recognition programs 

*Benefit eligibility is dependent on employment status. 
												
About Amergis
Amergis, formerly known as Maxim Healthcare Staffing, has served our clients and communities by connecting people to the work that matters since 1988. We provide meaningful opportunities to our extensive network of healthcare and school-based professionals, ready to work in any hospital, government facility, or school. Through partnership and innovation, Amergis creates unmatched staffing experiences to deliver the best workforce solutions.  
						
Amergis is an equal opportunity/affirmative action employer. All qualified applicants will receive consideration for employment without regard to sex, gender identity, sexual orientation, race, color, religion, national origin, disability, protected Veteran status, age, or any other characteristic protected by law.",https://careers.amergis.com/job/888965-school-based-physical-therapist-assistant-bonus-potential-available-crestwood-illinois/
School Psychologist,"Brush Prairie, Washington",Category: Education,,Contract - Full Time,,,Contract Duration: 36 Weeks,Work Setting: Schools,Est. Pay: $910 / Week,,Posted Date: 7/24/2025,"The School Psychologist works to support students through avariety of mental health and developmental issues and aids in qualifyingstudents for additional support services. The School Psychologist is responsible for providing on-sitepsychological services to students under the jurisdiction of the state anddistrict.  
Minimum Requirements: 


Must maintain current State licensures and/or certificationsin state of assignment  
Experience in pediatric and adolescent population ispreferred  
Master’s degree in psychology preferred  
Complies with all relevant professional standards ofpractice  
Current CPR if applicable 
TB questionnaire, PPD or chest x-ray if applicable  
Current Health certificate (per contract or stateregulation)  
Must meet all federal, state and local requirements  
Must be at least 18 years of age  

































Benefits
At Amergis, we firmly believe that our employees are the heartbeat of our organization and we are happy to offer the following benefits:


Competitive pay & weekly paychecks
Health, dental, vision, and life insurance
401(k) savings plan
Awards and recognition programs 

*Benefit eligibility is dependent on employment status. 
												
About Amergis
Amergis, formerly known as Maxim Healthcare Staffing, has served our clients and communities by connecting people to the work that matters since 1988. We provide meaningful opportunities to our extensive network of healthcare and school-based professionals, ready to work in any hospital, government facility, or school. Through partnership and innovation, Amergis creates unmatched staffing experiences to deliver the best workforce solutions.  
						
Amergis is an equal opportunity/affirmative action employer. All qualified applicants will receive consideration for employment without regard to sex, gender identity, sexual orientation, race, color, religion, national origin, disability, protected Veteran status, age, or any other characteristic protected by law.",https://careers.amergis.com/job/885810-school-psychologist-brush-prairie-washington/
SLP Openings. Increased Pay!,"Indianapolis, Indiana",Category: Education,,Contract - Full Time,,,Contract Duration: 36 Weeks,Work Setting: Schools,Est. Pay: $50 / Hour,,Posted Date: 8/5/2025,"?? Job Opening: School-Based Speech Language Pathologist (SLP)?? Location: Indianapolis, IN?? Schedule: Monday–Friday?? Employment Type: Full-Time
About the Role:We are seeking a passionate and dedicated Speech Language Pathologist to join our school-based team. This role offers the opportunity to make a meaningful impact in the lives of students by helping them overcome communication challenges and thrive academically and socially.
What We Offer:

?? Consistent Monday–Friday schedule – no weekends!
?? Competitive pay based on experience and qualifications.
?? Comprehensive benefits package

Benefits
At Amergis, we firmly believe that our employees are the heartbeat of our organization and we are happy to offer the following benefits:


Competitive pay & weekly paychecks
Health, dental, vision, and life insurance
401(k) savings plan
Awards and recognition programs 

*Benefit eligibility is dependent on employment status. 
												
About Amergis
Amergis, formerly known as Maxim Healthcare Staffing, has served our clients and communities by connecting people to the work that matters since 1988. We provide meaningful opportunities to our extensive network of healthcare and school-based professionals, ready to work in any hospital, government facility, or school. Through partnership and innovation, Amergis creates unmatched staffing experiences to deliver the best workforce solutions.  
						
Amergis is an equal opportunity/affirmative action employer. All qualified applicants will receive consideration for employment without regard to sex, gender identity, sexual orientation, race, color, religion, national origin, disability, protected Veteran status, age, or any other characteristic protected by law.",https://careers.amergis.com/job/888393-slp-openings-increased-pay-indianapolis-indiana/
Special Education Teacher,"Lynchburg, Virginia",Category: Education,,Contract - Full Time,,,Contract Duration: 39 Weeks,Work Setting: Schools,Est. Pay: $45 / Hour,,Posted Date: 7/23/2025,"District located in Lynchburg, VA

Position: Special Education Teacher
Start Date: 8/4/25
Length: 36 weeks, 25-26 school year
Shift: Monday-Friday | 37.5 Hrs/wk 
  

Classroom Openings/setting:

-Elementary, Middle and High School Adaptive Classroom openings


Requirements/Credentials: Must have VA Teaching License

W2 position employee with Amergis Staffing (Not the district), no after or before school responsibilities 

Please email UPDATED resume, certifications to maxscott@amergis.com
Direct: call/text 813-371-5175
Benefits
At Amergis, we firmly believe that our employees are the heartbeat of our organization and we are happy to offer the following benefits:


Competitive pay & weekly paychecks
Health, dental, vision, and life insurance
401(k) savings plan
Awards and recognition programs 

*Benefit eligibility is dependent on employment status. 
												
About Amergis
Amergis, formerly known as Maxim Healthcare Staffing, has served our clients and communities by connecting people to the work that matters since 1988. We provide meaningful opportunities to our extensive network of healthcare and school-based professionals, ready to work in any hospital, government facility, or school. Through partnership and innovation, Amergis creates unmatched staffing experiences to deliver the best workforce solutions.  
						
Amergis is an equal opportunity/affirmative action employer. All qualified applicants will receive consideration for employment without regard to sex, gender identity, sexual orientation, race, color, religion, national origin, disability, protected Veteran status, age, or any other characteristic protected by law.",https://careers.amergis.com/job/885567-special-education-teacher-lynchburg-virginia/
Occupational Therapist 25/26 School Year,"Crestwood, Illinois",Category: Education,,Contract - Full Time,,,Contract Duration: 52 Weeks,Work Setting: Schools,Est. Pay: $2450 / Week,,Posted Date: 4/29/2025,"The Occupational Therapist (OT) is responsible forperforming student evaluations, developing and providing therapy services, anddocumenting services in accordance with the plan of care developed for eachstudent.    
Minimum Requirements:


Current licensure as an Occupational Therapist in the Stateof practice
One (1) year of prior professional Occupational Therapyexperience preferred
Current CPR if applicable
TB Questionnaire, PPD or chest x-ray if applicable
Current Health certificate (per contract or stateregulation)
Must meet all federal, state and local requirements
Must be at least 18 years of age




Benefits
At Amergis, we firmly believe that our employees are the heartbeat of our organization and we are happy to offer the following benefits:


Competitive pay & weekly paychecks
Health, dental, vision, and life insurance
401(k) savings plan
Awards and recognition programs 

*Benefit eligibility is dependent on employment status. 
												
About Amergis
Amergis, formerly known as Maxim Healthcare Staffing, has served our clients and communities by connecting people to the work that matters since 1988. We provide meaningful opportunities to our extensive network of healthcare and school-based professionals, ready to work in any hospital, government facility, or school. Through partnership and innovation, Amergis creates unmatched staffing experiences to deliver the best workforce solutions.  
						
Amergis is an equal opportunity/affirmative action employer. All qualified applicants will receive consideration for employment without regard to sex, gender identity, sexual orientation, race, color, religion, national origin, disability, protected Veteran status, age, or any other characteristic protected by law.",https://careers.amergis.com/job/868072-occupational-therapist-25-26-school-year-crestwood-illinois/
"Hiring Special Education Teachers- Santa Maria, CA","Santa Maria, California",Category: Education,,Contract - Full Time,,,Contract Duration: 36 Weeks,Work Setting: Schools,Est. Pay: $52 / Hour,,Posted Date: 8/11/2025,"Lauren’s position – DO NOT MATCH
The Special Education Teacher, under the direction of the Special Education Program Administrator provides quality services to special education students, kindergarten through grade 12.  The Special Education Teacher has a commitment to team participation in planning and implementation of student programs including special instruction, tutorial assistance and consultation with general education staff.  
Minimum Requirements:  


Bachelor’s Degree from an accredited university preferred 
Valid state teaching certificate as required by state, contract/district regulations 
Minimum of one year experience in teaching environment preferred 
State Teacher Certification; Type: Standard Elementary Teaching preferred
State Teacher Certification; Type: Standard Secondary Teaching preferred
State Teacher Certification; Type: Standard Special Teaching preferred
Endorsement: Learning Behavior Specialist (LBS1) preferred
Current CPR if applicable 
TB Questionnaire, PPD or chest x-ray if applicable 
Current Health certificate (per contract or state regulation) 
Must meet all federal, state and local requirements 
Must be at least 18 years of age 

Benefits
At Amergis, we firmly believe that our employees are the heartbeat of our organization and we are happy to offer the following benefits:


Competitive pay & weekly paychecks
Health, dental, vision, and life insurance
401(k) savings plan
Awards and recognition programs 

*Benefit eligibility is dependent on employment status. 
												
About Amergis
Amergis, formerly known as Maxim Healthcare Staffing, has served our clients and communities by connecting people to the work that matters since 1988. We provide meaningful opportunities to our extensive network of healthcare and school-based professionals, ready to work in any hospital, government facility, or school. Through partnership and innovation, Amergis creates unmatched staffing experiences to deliver the best workforce solutions.  
						
Amergis is an equal opportunity/affirmative action employer. All qualified applicants will receive consideration for employment without regard to sex, gender identity, sexual orientation, race, color, religion, national origin, disability, protected Veteran status, age, or any other characteristic protected by law.",https://careers.amergis.com/job/889611-hiring-special-education-teachers-santa-maria-ca-santa-maria-california/
In-Person Speech Language Pathologist 25/26 School Year,"Baltimore, Maryland",Category: Education,,Contract - Full Time,,,Contract Duration: 36 Weeks,Work Setting: Schools,Est. Pay: $1012 / Week,,Posted Date: 8/7/2025,"The Speech-Language Pathologist in the school setting isresponsible for performing student evaluations as well as providing anddocumenting therapy services in accordance with the plan of care developed foreach individual student and the physician’s orders. 
Minimum Requirements: 


Active  SpeechLanguage Pathologist (SLP) Licensure in the state of assignment required 
Certificate of Clinical Competence in Speech-LanguagePathology (CCC-SLP) preferred and may be required by state/contract.  
Complies with all relevant professional standards ofpractice  
Current CPR if applicable 
TB questionnaire, PPD or chest x-ray if applicable  
Current Health certificate (per contract or stateregulation)  
Must meet all federal, state and local requirements  
Must be at least 18 years of age
Caseload: Elementary or Middle School ages. assesses,diagnoses, and treats students with speech, language, voice, and communicationdisorders that affect their academic and social success. Collaborate withteachers, families, and other Therapists to support students’ IEP’s



Benefits
At Amergis, we firmly believe that our employees are the heartbeat of our organization and we are happy to offer the following benefits:


Competitive pay & weekly paychecks
Health, dental, vision, and life insurance
401(k) savings plan
Awards and recognition programs 

*Benefit eligibility is dependent on employment status. 
												
About Amergis
Amergis, formerly known as Maxim Healthcare Staffing, has served our clients and communities by connecting people to the work that matters since 1988. We provide meaningful opportunities to our extensive network of healthcare and school-based professionals, ready to work in any hospital, government facility, or school. Through partnership and innovation, Amergis creates unmatched staffing experiences to deliver the best workforce solutions.  
						
Amergis is an equal opportunity/affirmative action employer. All qualified applicants will receive consideration for employment without regard to sex, gender identity, sexual orientation, race, color, religion, national origin, disability, protected Veteran status, age, or any other characteristic protected by law.",https://careers.amergis.com/job/889069-in-person-speech-language-pathologist-25-26-school-year-baltimore-maryland/
Behavior Technician - School Setting - $22/hour - Weekly pay,"La Grange, Kentucky",Category: Education,,Contract - Full Time,,,Contract Duration: 39 Weeks,Work Setting: Schools,Est. Pay: $16 / Hour,,Posted Date: 8/6/2025,"The Behavior Technician works to facilitate educational andbehavioral services with children and adults with special needs andcollaborates with school professionals and other behavioral specialists toachieve learning and behavioral goals and objectives. 
Minimum Requirements:


High School diploma or equivalent required 
Two (2) years of pediatric experience preferred
Current CPR if applicable 
TB questionnaire, PPD or chest x-ray if applicable   
Must meet all federal, state and local requirements 
Must be at least 18 years of age



Benefits
At Amergis, we firmly believe that our employees are the heartbeat of our organization and we are happy to offer the following benefits:


Competitive pay & weekly paychecks
Health, dental, vision, and life insurance
401(k) savings plan
Awards and recognition programs 

*Benefit eligibility is dependent on employment status. 
												
About Amergis
Amergis, formerly known as Maxim Healthcare Staffing, has served our clients and communities by connecting people to the work that matters since 1988. We provide meaningful opportunities to our extensive network of healthcare and school-based professionals, ready to work in any hospital, government facility, or school. Through partnership and innovation, Amergis creates unmatched staffing experiences to deliver the best workforce solutions.  
						
Amergis is an equal opportunity/affirmative action employer. All qualified applicants will receive consideration for employment without regard to sex, gender identity, sexual orientation, race, color, religion, national origin, disability, protected Veteran status, age, or any other characteristic protected by law.",https://careers.amergis.com/job/888488-behavior-technician-school-setting-22-hour-weekly-pay-la-grange-kentucky/
ESN Special Education Teacher 25/26 School Year,"Simi Valley, California",Category: Education,,Contract Duration: 52 Weeks,,,Contract Duration: 52 Weeks,Work Setting: Schools,Est. Pay: $2645 / Week,,Posted Date: 5/21/2025,"The Special Education Teacher, under the direction of theSpecial Education Program Administrator provides quality services to specialeducation students, kindergarten through grade 12.  The Special Education Teacher has a commitmentto team participation in planning and implementation of student programsincluding special instruction, tutorial assistance and consultation withgeneral education staff.   
Minimum Requirements:  


Bachelor’s Degree from an accredited universitypreferred  
Valid state teaching certificate as required by state,contract/district regulations  
Minimum of one year experience in teaching environmentpreferred  
State Teacher Certification; Type: Standard ElementaryTeaching preferred 
State Teacher Certification; Type: Standard SecondaryTeaching preferred 
State Teacher Certification; Type: Standard Special Teachingpreferred 
Endorsement: Learning Behavior Specialist (LBS1) preferred
Current CPR if applicable 
TB Questionnaire, PPD or chest x-ray if applicable  
Current Health certificate (per contract or stateregulation)  
Must meet all federal, state and local requirements 
Must be at least 18 years of age 

Benefits
At Amergis, we firmly believe that our employees are the heartbeat of our organization and we are happy to offer the following benefits:


Competitive pay & weekly paychecks
Health, dental, vision, and life insurance
401(k) savings plan
Awards and recognition programs 

*Benefit eligibility is dependent on employment status. 
												
About Amergis
Amergis, formerly known as Maxim Healthcare Staffing, has served our clients and communities by connecting people to the work that matters since 1988. We provide meaningful opportunities to our extensive network of healthcare and school-based professionals, ready to work in any hospital, government facility, or school. Through partnership and innovation, Amergis creates unmatched staffing experiences to deliver the best workforce solutions.  
						
Amergis is an equal opportunity/affirmative action employer. All qualified applicants will receive consideration for employment without regard to sex, gender identity, sexual orientation, race, color, religion, national origin, disability, protected Veteran status, age, or any other characteristic protected by law.",https://careers.amergis.com/job/872337-esn-special-education-teacher-25-26-school-year-simi-valley-california/
Occupational Therapist - School ST,"Wilson, North Carolina",Category: Education,,Contract - Full Time,,,Contract Duration: 12 Weeks,Work Setting: Schools,Est. Pay: $1850 / Week,,Posted Date: 3/18/2025,"The Occupational Therapist (OT) is responsible forperforming student evaluations, developing and providing therapy services, anddocumenting services in accordance with the plan of care developed for eachstudent.    
Minimum Requirements:


Current licensure as an Occupational Therapist in the Stateof practice
One (1) year of prior professional Occupational Therapyexperience preferred
Current CPR if applicable
TB Questionnaire, PPD or chest x-ray if applicable
Current Health certificate (per contract or stateregulation)
Must meet all federal, state and local requirements
Must be at least 18 years of age
Remainderof school year with likelihood of extension into next year.




Benefits
At Amergis, we firmly believe that our employees are the heartbeat of our organization and we are happy to offer the following benefits:


Competitive pay & weekly paychecks
Health, dental, vision, and life insurance
401(k) savings plan
Awards and recognition programs 

*Benefit eligibility is dependent on employment status. 
												
About Amergis
Amergis, formerly known as Maxim Healthcare Staffing, has served our clients and communities by connecting people to the work that matters since 1988. We provide meaningful opportunities to our extensive network of healthcare and school-based professionals, ready to work in any hospital, government facility, or school. Through partnership and innovation, Amergis creates unmatched staffing experiences to deliver the best workforce solutions.  
						
Amergis is an equal opportunity/affirmative action employer. All qualified applicants will receive consideration for employment without regard to sex, gender identity, sexual orientation, race, color, religion, national origin, disability, protected Veteran status, age, or any other characteristic protected by law.",https://careers.amergis.com/job/860622-occupational-therapist-school-st-wilson-north-carolina/
RN School,"Nashville, Tennessee",Category: Education,,Contract - Full Time,,,Contract Duration: 24 Weeks,Work Setting: Schools,Est. Pay: $1600 / Week,,Posted Date: 4/29/2025,"The School Nurse assumesresponsibility and accountability for the application of the nursing processand the delivery of student/client care and/or contracted services in a schoolsetting. The School Nurse may also be in a supervisory position within the contractedservices. The School Nurse provides services in accordance with Amergis Healthcare’s philosophy, standards, policies and physician orders. 
 Minimum Requirements:


Graduate of an accreditedregistered, practical or vocational nursing program 
Licensed as a LicensedPractical, Licensed Vocational or Registered Nurse in state(s) where practicing
One year of professionalexperience, preferred
Current CPR 
PPD or chest x-ray if applicable
Current Health certificate (percontract or state regulation) 
Must meet all federal, state andlocal requirements
Must be at least 18 years of age
5am -12:30pm (7.5 hours/day) 



Benefits
At Amergis, we firmly believe that our employees are the heartbeat of our organization and we are happy to offer the following benefits:


Competitive pay & weekly paychecks
Health, dental, vision, and life insurance
401(k) savings plan
Awards and recognition programs 

*Benefit eligibility is dependent on employment status. 
												
About Amergis
Amergis, formerly known as Maxim Healthcare Staffing, has served our clients and communities by connecting people to the work that matters since 1988. We provide meaningful opportunities to our extensive network of healthcare and school-based professionals, ready to work in any hospital, government facility, or school. Through partnership and innovation, Amergis creates unmatched staffing experiences to deliver the best workforce solutions.  
						
Amergis is an equal opportunity/affirmative action employer. All qualified applicants will receive consideration for employment without regard to sex, gender identity, sexual orientation, race, color, religion, national origin, disability, protected Veteran status, age, or any other characteristic protected by law.",https://careers.amergis.com/job/868080-rn-school-nashville-tennessee/
REGISTERED Behavior Technician - Fontana Area - Up,"Upland, California",Category: Education,,Contract - Full Time,,,Contract Duration: 52 Weeks,Work Setting: Schools,Est. Pay: $1200 / Week,,Posted Date: 7/29/2025,"The Registered/Certified Behavior Technician works tofacilitate educational and behavioral services with children and adults withspecial needs and collaborates with school professionals and other behavioralspecialists to achieve learning and behavioral goals and objectives. TheRegistered/Certified Behavior Technician can support implementation of AppliedBehavior Analysis (ABA) therapeutic services. 
Minimum Requirements: 


Registered BehaviorTechnician (RBT) certification and/or State Certified Behavior Technician (CBT)license (as applicable per state/contract) 
High School diploma or equivalent required 
Two (2) years relevant experience preferred 
One year relevant experience preferred 
Associates degree in behavioral studies or related fieldpreferred  
Complies with all relevant professional standards ofpractice  
Current CPR if applicable 
TB questionnaire, PPD or chest x-ray if applicable  
Current Health certificate (per contract or stateregulation)  
Must meet all federal, state and local requirements  
Must be at least 18 years of age


Hiring now for the 2025-2026 school year.
M-F – Full time position (travel option)
Competitive compensation – $25/hr – $30/hr+ (depending onexperience)
Benefits including 401k
For faster service, email: chmalone @ amergis .com



Benefits
At Amergis, we firmly believe that our employees are the heartbeat of our organization and we are happy to offer the following benefits:


Competitive pay & weekly paychecks
Health, dental, vision, and life insurance
401(k) savings plan
Awards and recognition programs 

*Benefit eligibility is dependent on employment status. 
												
About Amergis
Amergis, formerly known as Maxim Healthcare Staffing, has served our clients and communities by connecting people to the work that matters since 1988. We provide meaningful opportunities to our extensive network of healthcare and school-based professionals, ready to work in any hospital, government facility, or school. Through partnership and innovation, Amergis creates unmatched staffing experiences to deliver the best workforce solutions.  
						
Amergis is an equal opportunity/affirmative action employer. All qualified applicants will receive consideration for employment without regard to sex, gender identity, sexual orientation, race, color, religion, national origin, disability, protected Veteran status, age, or any other characteristic protected by law.",https://careers.amergis.com/job/886617-registered-behavior-technician-fontana-area-up-upland-california/
Orientation and Mobility Teacher | $50/hr+,"Shawnee Mission, Kansas",Category: Education,,Contract - Full Time,,,Contract Duration: 36 Weeks,Work Setting: Schools,Est. Pay: $1591 / Week,,Posted Date: 7/14/2025,"The Teacher Orientation and Mobility (O&M) Specialistprovides students with appropriate learning experiences and activities designedto help them in social, intellectual, and emotional growth.  The Teacher Orientation and Mobility enablestudents to develop competencies and skills to function in a successful andpositive manner and teach students with visual impairments to safely andindependently navigate their environment. 
Minimum Requirements:  


Valid state teaching certificate as required by stateregulations 
Minimum of one year experience in learning environmentpreferred 
Complies with all relevant professional standards ofpractice  
Current CPR if applicable 
TB questionnaire, PPD or chest x-ray if applicable  
Current Health certificate (per contract or stateregulation)  
Must meet all federal, state and local requirements  
Must be at least 18 years of age  



Benefits
At Amergis, we firmly believe that our employees are the heartbeat of our organization and we are happy to offer the following benefits:


Competitive pay & weekly paychecks
Health, dental, vision, and life insurance
401(k) savings plan
Awards and recognition programs 

*Benefit eligibility is dependent on employment status. 
												
About Amergis
Amergis, formerly known as Maxim Healthcare Staffing, has served our clients and communities by connecting people to the work that matters since 1988. We provide meaningful opportunities to our extensive network of healthcare and school-based professionals, ready to work in any hospital, government facility, or school. Through partnership and innovation, Amergis creates unmatched staffing experiences to deliver the best workforce solutions.  
						
Amergis is an equal opportunity/affirmative action employer. All qualified applicants will receive consideration for employment without regard to sex, gender identity, sexual orientation, race, color, religion, national origin, disability, protected Veteran status, age, or any other characteristic protected by law.",https://careers.amergis.com/job/883221-orientation-and-mobility-teacher-50-hr-shawnee-mission-kansas/
Speech Language Pathologist - Schools,"Aurora, Illinois",Category: Education,,Contract - Full Time,,,Contract Duration: 35 Weeks,Work Setting: Schools,Est. Pay: $2812 / Week,,Posted Date: 7/16/2025,"The Speech-Language Pathologist in the school setting is responsible for performing student evaluations as well as providing and documenting therapy services in accordance with the plan of care developed for each individual student and the physician’s orders. 
Minimum Requirements: 


Active  Speech Language Pathologist (SLP) Licensure in the state of assignment required 
Certificate of Clinical Competence in Speech-Language Pathology (CCC-SLP) preferred and may be required by state/contract.  
Complies with all relevant professional standards of practice  
Current CPR if applicable 
TB questionnaire, PPD or chest x-ray if applicable  
Current Health certificate (per contract or state regulation)  
Must meet all federal, state and local requirements  
Must be at least 18 years of age  



Benefits
At Amergis, we firmly believe that our employees are the heartbeat of our organization and we are happy to offer the following benefits:


Competitive pay & weekly paychecks
Health, dental, vision, and life insurance
401(k) savings plan
Awards and recognition programs 

*Benefit eligibility is dependent on employment status. 
												
About Amergis
Amergis, formerly known as Maxim Healthcare Staffing, has served our clients and communities by connecting people to the work that matters since 1988. We provide meaningful opportunities to our extensive network of healthcare and school-based professionals, ready to work in any hospital, government facility, or school. Through partnership and innovation, Amergis creates unmatched staffing experiences to deliver the best workforce solutions.  
						
Amergis is an equal opportunity/affirmative action employer. All qualified applicants will receive consideration for employment without regard to sex, gender identity, sexual orientation, race, color, religion, national origin, disability, protected Veteran status, age, or any other characteristic protected by law.",https://careers.amergis.com/job/883846-speech-language-pathologist-schools-aurora-illinois/
"25/26 SY SPED Teacher - Tucson, AZ","Tucson, Arizona",Category: Education,,Contract - Full Time,,,Contract Duration: 39 Weeks,Work Setting: Schools,Est. Pay: $1687 / Week,,Posted Date: 5/5/2025,"The Special Education Teacher, under the direction of the Special Education Program Administrator provides quality services to special education students, kindergarten through grade 12.  The Special Education Teacher has a commitment to team participation in planning and implementation of student programs including special instruction, tutorial assistance and consultation with general education staff.   
Minimum Requirements:  


Bachelor’s Degree from an accredited university preferred  
Valid state teaching certificate as required by state, contract/district regulations  
Minimum of one year experience in teaching environment preferred  
State Teacher Certification; Type: Standard Elementary Teaching preferred 
State Teacher Certification; Type: Standard Secondary Teaching preferred 
State Teacher Certification; Type: Standard Special Teaching preferred 
Endorsement: Learning Behavior Specialist (LBS1) preferred
Current CPR if applicable  
TB Questionnaire, PPD or chest x-ray if applicable  
Current Health certificate (per contract or state regulation)  
Must meet all federal, state and local requirements 
Must be at least 18 years of age 

#LI-JD5

Benefits
At Amergis, we firmly believe that our employees are the heartbeat of our organization and we are happy to offer the following benefits:


Competitive pay & weekly paychecks
Health, dental, vision, and life insurance
401(k) savings plan
Awards and recognition programs 

*Benefit eligibility is dependent on employment status. 
												
About Amergis
Amergis, formerly known as Maxim Healthcare Staffing, has served our clients and communities by connecting people to the work that matters since 1988. We provide meaningful opportunities to our extensive network of healthcare and school-based professionals, ready to work in any hospital, government facility, or school. Through partnership and innovation, Amergis creates unmatched staffing experiences to deliver the best workforce solutions.  
						
Amergis is an equal opportunity/affirmative action employer. All qualified applicants will receive consideration for employment without regard to sex, gender identity, sexual orientation, race, color, religion, national origin, disability, protected Veteran status, age, or any other characteristic protected by law.",https://careers.amergis.com/job/868975-25-26-sy-sped-teacher-tucson-az-tucson-arizona/
"Early Intervention Specialist needed in Portland, OR!","Portland, Oregon",Category: Education,,Contract Duration: 36 Weeks,,,Contract Duration: 36 Weeks,Work Setting: Healthcare Facilities,Est. Pay: $2437 / Week,,Posted Date: 7/21/2025,"******** Early Intervention Specialist needed in Portland, OR!!*************
52 / HR 
These classrooms provide a supportive, inclusive learning environment for young children from birth to age five. They serve both typically developing children and those with developmental delays or disabilities, offering rich opportunities for growth and social interaction.

Class size includes up to 10 students without disabilities and 5–8 students with disabilities
Each classroom is supported by 2 paraprofessionals
The role is for a Lead Teacher position

·       Location: Portland, OR

Start: 7/7/25 – 7/12/25 (training ) then 8/18/25
Length: Through 25/26 school year and beyond!
OR TEACHING CERTIFICATION REQUIRED w/ SPED endorsement
Pay: 52 / HR
Mileage reimbursement
Travel stipends available for out-of-state applicants

·       0–5-year old’s
Job Description:
The EI/ECSE Specialist provides direct, monitoring, and consultation services for young children with disabilities from birth to entry into kindergarten and their families which address cognitive, social, and affective development, as well as general skill areas of communication, motor, and self help to achieve developmentally appropriate play skills and preschool skills. The Specialist will work as a member of a Trans-disciplinary Services Team to complete eligibility evaluations, determine the developmental needs of children, develop Individualized Family Service Plans (IFSP), and deliver services integrated with those of other professionals into the learning environments of young children
Amergis offers the following benefits:
·Medical, Dental, Vision, and Life Insurance 
·401k Program
·Direct Deposit
·Travel Benefits (as applicable) 
For further information and/or to apply to this opportunity, please contact Tammy Biga via email at tabiga@amergis.com! 🙂

The Early Intervention Specialist provides services to children with a variety of developmental disabilities or delays.  The Early Intervention Specialist works with children in a variety of settings to help implement personalized focused treatment programs to increase positive outcomes and independence.  
Minimum Requirements: 


Bachelor’s Degree from accredited university preferred  
Valid state teaching certificate or early childhood education as required by state regulations and/or contract  
One year experience as an Early Intervention Specialist preferred
Current CPR if applicable  
TB Questionnaire, PPD or chest x-ray if applicable  
Current Health certificate (per contract or state regulation)  
Must meet all federal, state and local requirements 
Must be at least 18 years of age 

Benefits
At Amergis, we firmly believe that our employees are the heartbeat of our organization and we are happy to offer the following benefits:


Competitive pay & weekly paychecks
Health, dental, vision, and life insurance
401(k) savings plan
Awards and recognition programs 

*Benefit eligibility is dependent on employment status. 
												
About Amergis
Amergis, formerly known as Maxim Healthcare Staffing, has served our clients and communities by connecting people to the work that matters since 1988. We provide meaningful opportunities to our extensive network of healthcare and school-based professionals, ready to work in any hospital, government facility, or school. Through partnership and innovation, Amergis creates unmatched staffing experiences to deliver the best workforce solutions.  
						
Amergis is an equal opportunity/affirmative action employer. All qualified applicants will receive consideration for employment without regard to sex, gender identity, sexual orientation, race, color, religion, national origin, disability, protected Veteran status, age, or any other characteristic protected by law.",https://careers.amergis.com/job/884883-early-intervention-specialist-needed-in-portland-or-portland-oregon/
RN School Nurse,"Columbia, South Carolina",Category: Education,,Contract - Full Time,,,Contract Duration: 30 Weeks,Work Setting: Schools,Est. Pay: $1762 / Week,,Posted Date: 8/11/2025,"Amergis Staffing is seeking in person school RN’s in Columbia, SC!


– Start Date: 8/26/25 *must start on this date– Contract: 25′-26′ School Year

– School Schedule | M-F 37.5 hrs. 
– Competitive Weekly Pay! 

– RN Licensure – 1 yr. Minimum RN Experience, Pediatrics a plus!
– School Clinic Nurse Setting | not a 1:1 position
– Travel Package available if you qualify!


Apply today to have a recruiter contact you! 


Amergis Educational Services(843) 573-0772


The School Registered Nurse oversees the application of the nursing process and the delivery of student care in a school setting. The School RN supports the physical, mental and emotional well-being of students within the school setting. The School RN plays an essential role in promoting the health and safety, responding to medical emergencies, managing chronic conditions and serving as a liaison between families, school staff and healthcare providers. The School RN provides services in accordance with Amergis’ philosophy, standards, policies and physician orders.   
Minimum Requirements:   


Current Registered Nurse (RN) license in the state of employment 
Bachelor’s Degree, preferred  
School Nurse Certification as required by state or contract 
One year of school nursing, public health or pediatric experience, preferred   
Complies with all relevant professional standards of practice   
Current CPR if applicable  
TB questionnaire, PPD or chest x-ray if applicable   
Current Health certificate (per contract or state regulation)   
Must meet all federal, state and local requirements   
Must be at least 18 years of age  



Benefits
At Amergis, we firmly believe that our employees are the heartbeat of our organization and we are happy to offer the following benefits:


Competitive pay & weekly paychecks
Health, dental, vision, and life insurance
401(k) savings plan
Awards and recognition programs 

*Benefit eligibility is dependent on employment status. 
												
About Amergis
Amergis, formerly known as Maxim Healthcare Staffing, has served our clients and communities by connecting people to the work that matters since 1988. We provide meaningful opportunities to our extensive network of healthcare and school-based professionals, ready to work in any hospital, government facility, or school. Through partnership and innovation, Amergis creates unmatched staffing experiences to deliver the best workforce solutions.  
						
Amergis is an equal opportunity/affirmative action employer. All qualified applicants will receive consideration for employment without regard to sex, gender identity, sexual orientation, race, color, religion, national origin, disability, protected Veteran status, age, or any other characteristic protected by law.",https://careers.amergis.com/job/889549-rn-school-nurse-columbia-south-carolina/
Occupational Therapist - School,"Ramona, California",Category: Education,,Contract - Full Time,,,Contract Duration: 36 Weeks,Work Setting: Schools,Est. Pay: $2100 / Week,,Posted Date: 7/30/2025,"The Occupational Therapist (OT) is responsible forperforming student evaluations, developing and providing therapy services, anddocumenting services in accordance with the plan of care developed for eachstudent.    
Minimum Requirements: 


Current licensure as an Occupational Therapist in the Stateof practice  
One (1) year of prior professional Occupational Therapyexperience preferred 
Complies with all relevant professional standards ofpractice 
Current CPR if applicable 
TB questionnaire, PPD or chest x-ray if applicable  
Current Health certificate (per contract or stateregulation)  
Must meet all federal, state and local requirements  
Must be at least 18 years of age  





Benefits
At Amergis, we firmly believe that our employees are the heartbeat of our organization and we are happy to offer the following benefits:


Competitive pay & weekly paychecks
Health, dental, vision, and life insurance
401(k) savings plan
Awards and recognition programs 

*Benefit eligibility is dependent on employment status. 
												
About Amergis
Amergis, formerly known as Maxim Healthcare Staffing, has served our clients and communities by connecting people to the work that matters since 1988. We provide meaningful opportunities to our extensive network of healthcare and school-based professionals, ready to work in any hospital, government facility, or school. Through partnership and innovation, Amergis creates unmatched staffing experiences to deliver the best workforce solutions.  
						
Amergis is an equal opportunity/affirmative action employer. All qualified applicants will receive consideration for employment without regard to sex, gender identity, sexual orientation, race, color, religion, national origin, disability, protected Veteran status, age, or any other characteristic protected by law.",https://careers.amergis.com/job/887236-occupational-therapist-school-ramona-california/
School Aide - Hiring Now! $20/hr,"Atascadero, California",Category: Education,,Contract - Full Time,,,Contract Duration: 32 Weeks,Work Setting: Schools,Est. Pay: $650 / Week,,Posted Date: 7/30/2025,"Position: School Aide  Location: Atascadero, CA  Start Date: August 2025  Schedule: Monday–Friday, 30 hours/week  Pay: $18–$20/hour  Grade Levels: PreK–12th grade  Length: Full 2025–2026 school year
Overview:  Amergis Staffing is hiring School Aides to support students in general and special education classrooms across Santa Barbara. This full-time, onsite role is ideal for individuals passionate about working with children and contributing to a positive school environment.
Responsibilities:


Assist teachers with classroom instruction and student supervision


Support students with academic and behavioral needs


Help implement IEP accommodations and behavior plans


Escort students and assist with mobility or therapeutic care needs


Maintain a safe and structured learning environment


Requirements:


High school diploma or equivalent


Experience working with children or as a caregiver required


Must be comfortable with toileting and personal care support


CPR certification and TB clearance (if applicable)


Must be at least 18 years old and meet all federal, state, and local requirements


Benefits:


Weekly direct deposit


Medical, dental, and vision insurance


401(k) savings plan


Paid training and recruiter support


Travel reimbursement available for qualifying candidates




Benefits
At Amergis, we firmly believe that our employees are the heartbeat of our organization and we are happy to offer the following benefits:


Competitive pay & weekly paychecks
Health, dental, vision, and life insurance
401(k) savings plan
Awards and recognition programs 

*Benefit eligibility is dependent on employment status. 
												
About Amergis
Amergis, formerly known as Maxim Healthcare Staffing, has served our clients and communities by connecting people to the work that matters since 1988. We provide meaningful opportunities to our extensive network of healthcare and school-based professionals, ready to work in any hospital, government facility, or school. Through partnership and innovation, Amergis creates unmatched staffing experiences to deliver the best workforce solutions.  
						
Amergis is an equal opportunity/affirmative action employer. All qualified applicants will receive consideration for employment without regard to sex, gender identity, sexual orientation, race, color, religion, national origin, disability, protected Veteran status, age, or any other characteristic protected by law.",https://careers.amergis.com/job/886944-school-aide-hiring-now-20-hr-atascadero-california/
Now Hiring School Aides for 25/26 school year paying up to 26 dollars per hour,"Orange, California",Category: Education,,Contract - Full Time,,,Contract Duration: 52 Weeks,Work Setting: Schools,Est. Pay: $25 / Hour,,Posted Date: 7/1/2025,"Amergis Staffing is currently seeking Part Time/Full Time School Aides for the Summer and New School Year to assist students in the classroom setting within the Orange County region. This position does require flexibility as you would be working at different school sites.
As an Instructional School Aide you will play a vital role in supporting the lead teacher in creating a nurturing and educational environment for young children. You will assist in implementing age-appropriate curriculum, supervising activities, and ensuring the safety and well-being of the children.
Requirements:


High school diploma (preferred).
Previous experience working with young children is preferred.
Strong communication and interpersonal skills.
Patience, creativity, and a genuine passion for working with children.
Ability to work collaboratively as part of a team.


What We Offer:

Weekly Pay! Up to $21/hour 
Weekends and Holidays off!


Benefits
At Amergis, we firmly believe that our employees are the heartbeat of our organization and we are happy to offer the following benefits:

Competitive pay & weekly paychecks
Health, dental, vision, and life insurance
401(k) savings plan
Awards and recognition programs 

*Benefit eligibility is dependent on employment status. 
 
If you are interested in this position, please feel free to apply directly here or email me your resume at krhouda@amergis.com

Benefits
At Amergis, we firmly believe that our employees are the heartbeat of our organization and we are happy to offer the following benefits:


Competitive pay & weekly paychecks
Health, dental, vision, and life insurance
401(k) savings plan
Awards and recognition programs 

*Benefit eligibility is dependent on employment status. 
												
About Amergis
Amergis, formerly known as Maxim Healthcare Staffing, has served our clients and communities by connecting people to the work that matters since 1988. We provide meaningful opportunities to our extensive network of healthcare and school-based professionals, ready to work in any hospital, government facility, or school. Through partnership and innovation, Amergis creates unmatched staffing experiences to deliver the best workforce solutions.  
						
Amergis is an equal opportunity/affirmative action employer. All qualified applicants will receive consideration for employment without regard to sex, gender identity, sexual orientation, race, color, religion, national origin, disability, protected Veteran status, age, or any other characteristic protected by law.",https://careers.amergis.com/job/880939-now-hiring-school-aides-for-25-26-school-year-paying-up-to-26-dollars-per-hour-orange-california/
School Aide,"Paso Robles, California",Category: Education,,Contract - Part Time,,,Contract Duration: 32 Weeks,Work Setting: Schools,Est. Pay: $600 / Week,,Posted Date: 8/11/2025,"The School Aide is an individual who works with studentsrequiring instructional, and/or behavioral assistance under the supervision ofthe special education department, teacher and/or supervising designee.  The School Aide may also provide supportservices to assist students with personal, physical mobility and therapeuticcare needs, as established by a rehabilitation health practitioner, socialworker or other health care professional. 
Minimum Requirements: 


High School diploma or equivalent required 
Comply with all relevant professional standards ofpractice  
Current CPR if applicable 
TB questionnaire, PPD or chest x-ray if applicable  
Current Health certificate (per contract or stateregulation)  
Must meet all federal, state and local requirements   
Must be at least 18 years of age  



Benefits
At Amergis, we firmly believe that our employees are the heartbeat of our organization and we are happy to offer the following benefits:


Competitive pay & weekly paychecks
Health, dental, vision, and life insurance
401(k) savings plan
Awards and recognition programs 

*Benefit eligibility is dependent on employment status. 
												
About Amergis
Amergis, formerly known as Maxim Healthcare Staffing, has served our clients and communities by connecting people to the work that matters since 1988. We provide meaningful opportunities to our extensive network of healthcare and school-based professionals, ready to work in any hospital, government facility, or school. Through partnership and innovation, Amergis creates unmatched staffing experiences to deliver the best workforce solutions.  
						
Amergis is an equal opportunity/affirmative action employer. All qualified applicants will receive consideration for employment without regard to sex, gender identity, sexual orientation, race, color, religion, national origin, disability, protected Veteran status, age, or any other characteristic protected by law.",https://careers.amergis.com/job/889489-school-aide-paso-robles-california/
ESE/SPED Teacher Jacksonville - West Side - $41/hr,"Jacksonville, Florida",Category: Education,,Contract - Full Time,,,Contract Duration: 39 Weeks,Work Setting: Schools,Est. Pay: $41 / Hour,,Posted Date: 7/14/2025,"The Special Education Teacher, under the direction of theSpecial Education Program Administrator provides quality services to specialeducation students, kindergarten through grade 12.  The Special Education Teacher has acommitment to team participation in planning and implementation of studentprograms including special instruction, tutorial assistance and consultationwith general education staff.   
Minimum Requirements:  


Bachelor’s Degree from an accredited universitypreferred  
Valid state teaching certificate as required by state,contract/district regulations  
Minimum of one year experience in teaching environmentpreferred  
State Teacher Certification; Type: Standard ElementaryTeaching preferred 
State Teacher Certification; Type: Standard SecondaryTeaching preferred 
State Teacher Certification; Type: Standard Special Teachingpreferred 
Endorsement: Learning Behavior Specialist (LBS1) preferred 
Complies with all relevant professional standards ofpractice  
Current CPR if applicable 
TB questionnaire, PPD or chest x-ray if applicable  
Current Health certificate (per contract or stateregulation)  
Must meet all federal, state and local requirements  
Must be at least 18 years of age  


Benefits
At Amergis, we firmly believe that our employees are the heartbeat of our organization and we are happy to offer the following benefits:


Competitive pay & weekly paychecks
Health, dental, vision, and life insurance
401(k) savings plan
Awards and recognition programs 

*Benefit eligibility is dependent on employment status. 
												
About Amergis
Amergis, formerly known as Maxim Healthcare Staffing, has served our clients and communities by connecting people to the work that matters since 1988. We provide meaningful opportunities to our extensive network of healthcare and school-based professionals, ready to work in any hospital, government facility, or school. Through partnership and innovation, Amergis creates unmatched staffing experiences to deliver the best workforce solutions.  
						
Amergis is an equal opportunity/affirmative action employer. All qualified applicants will receive consideration for employment without regard to sex, gender identity, sexual orientation, race, color, religion, national origin, disability, protected Veteran status, age, or any other characteristic protected by law.",https://careers.amergis.com/job/883209-ese-sped-teacher-jacksonville-west-side-41-hr-jacksonville-florida/
Occupational Therapist,"Salem, Oregon",Category: Education,,Contract Duration: 36 Weeks,,,Contract Duration: 36 Weeks,Work Setting: Schools,Est. Pay: $2711 / Week,,Posted Date: 8/11/2025,"The Occupational Therapist is responsible for performing client evaluations, developing and providing occupational therapy services, and documenting services in accordance with the plan of care developed for each patient.
Minimum Requirements:


Current licensure as an Occupational Therapist in the State of practice
Must be a graduate of an accredited school or program of Occupational Therapy
One (1) year of prior professional Occupational Therapy experience preferred
Current CPR if applicable
TB Questionnaire, PPD or chest x-ray if applicable 
Current Health certificate (per contract or state regulation) 
Must meet all federal, state and local requirements 
Must be at least 18 years of age







General Comments




Essential Job Details:


 




Technical Skills Needed/Minimum Experience/Qualifications

Early Childhood – OT



Positions Available:

1



Start Date:

8/22/25



Location:


South Salem , South Marion County




Length of Contract:


8/22/25 through 6/12/26 




Schedule:


 M-F 1.0 FTE




Hours/Week (Paid/Unpaid Lunch):


 40/hrs




Position Details (Age group, Caseload, Duties):


 Birth – 5, Floating throughout district




Feedback Time:


 




Interview Process:   


 Virtual interview




Pay Rate: 


$62-65 DOE













Benefits
At Amergis, we firmly believe that our employees are the heartbeat of our organization and we are happy to offer the following benefits:


Competitive pay & weekly paychecks
Health, dental, vision, and life insurance
401(k) savings plan
Awards and recognition programs 

*Benefit eligibility is dependent on employment status. 
												
About Amergis
Amergis, formerly known as Maxim Healthcare Staffing, has served our clients and communities by connecting people to the work that matters since 1988. We provide meaningful opportunities to our extensive network of healthcare and school-based professionals, ready to work in any hospital, government facility, or school. Through partnership and innovation, Amergis creates unmatched staffing experiences to deliver the best workforce solutions.  
						
Amergis is an equal opportunity/affirmative action employer. All qualified applicants will receive consideration for employment without regard to sex, gender identity, sexual orientation, race, color, religion, national origin, disability, protected Veteran status, age, or any other characteristic protected by law.",https://careers.amergis.com/job/889519-occupational-therapist-salem-oregon/
Now Hiring Paraprofessionals,"Beloit, Wisconsin",Category: Education,,Contract Duration: 36 Weeks,,,Contract Duration: 36 Weeks,Work Setting: Schools,Est. Pay: $630 / Week,,Posted Date: 8/11/2025,"Paraprofessional – High School
?? Location: Near Beloit, Wisconsin?? Pay: $20/hour (Weekly pay: $750)?? Schedule: Monday–Friday, 7:30 AM – 4:00 PM??? Start Date: August 22, 2025?? Duration: 39 weeks (Academic Year: August–June)
A high school near Beloit is seeking paraprofessionals to join its special education team. If you’re passionate about supporting student growth, inclusion, and learning, this is a meaningful opportunity to make a difference every day.
?? Key Responsibilities
As a paraprofessional, you will:

Support students with academic, behavioral, and emotional needs
Implement behavior intervention strategies and IEPs
Collaborate with teachers, therapists, and staff
Assist with classroom management and student engagement
Provide support in both special education and inclusive settings
Help with personal care, mobility, and daily living tasks
Foster a safe, respectful, and inclusive learning environment

?? Qualifications
Required:

Associate’s degree or high school diploma + Master Teacher Exam
Eligible for Wisconsin DPI Special Education Program Aide License
Experience with behavioral support in structured or high-needs settings
Strong communication, teamwork, and problem-solving skills
Professionalism and confidentiality in all student interactions

? Why Apply?

Weekly pay starting at $750
Work in a supportive and collaborative school environment
Make a lasting impact on students’ lives
Interview today and start this August!

Benefits
At Amergis, we firmly believe that our employees are the heartbeat of our organization and we are happy to offer the following benefits:


Competitive pay & weekly paychecks
Health, dental, vision, and life insurance
401(k) savings plan
Awards and recognition programs 

*Benefit eligibility is dependent on employment status. 
												
About Amergis
Amergis, formerly known as Maxim Healthcare Staffing, has served our clients and communities by connecting people to the work that matters since 1988. We provide meaningful opportunities to our extensive network of healthcare and school-based professionals, ready to work in any hospital, government facility, or school. Through partnership and innovation, Amergis creates unmatched staffing experiences to deliver the best workforce solutions.  
						
Amergis is an equal opportunity/affirmative action employer. All qualified applicants will receive consideration for employment without regard to sex, gender identity, sexual orientation, race, color, religion, national origin, disability, protected Veteran status, age, or any other characteristic protected by law.",https://careers.amergis.com/job/889591-now-hiring-paraprofessionals-beloit-wisconsin/
Social/Emotional Paraprofessional,"Fall River, Massachusetts",Category: Education,,Contract - Part Time,,,Contract Duration: 35 Weeks,Work Setting: Schools,Est. Pay: $736 / Week,,Posted Date: 7/30/2025,"Amergis Educational Staffing is partnered with a school in Fall River, MA to hire a Social Emotional Paraprofessionals to work with students on a contractual basis.
Details of the Position Include:
Location: Fall River, MA
Duration: 2025-2026 School Year
Start Date: September 2025
Schedule: Monday-Friday, Schedule Varies on School
Requirements: Social/Emotional and Behavioral Experience 
Description: 

Provide direct support to students in both 1:1 and small group settings
Assist with implementation of behavior support plans and academic activities
Collect and record data related to student behavior and progress

Experience: 

Comfortable working with students with high needs and behavioral challenges
De-escalation 
Experience with data collection (types taken/programs used) and behavior tracking
Ability to remain calm, patient, and supportive in a dynamic environment
Flexibility to support other students and classrooms as needed. 

Pay Rate: Up to $25/hour – based on experience    
Minimum Requirements: 


High School diploma or equivalent required 
Comply with all relevant professional standards of practice  
Current CPR if applicable 
TB questionnaire, PPD or chest x-ray if applicable  
Current Health certificate (per contract or state regulation)  
Must meet all federal, state and local requirements   
Must be at least 18 years of age  



Benefits
At Amergis, we firmly believe that our employees are the heartbeat of our organization and we are happy to offer the following benefits:


Competitive pay & weekly paychecks
Health, dental, vision, and life insurance
401(k) savings plan
Awards and recognition programs 

*Benefit eligibility is dependent on employment status. 
												
About Amergis
Amergis, formerly known as Maxim Healthcare Staffing, has served our clients and communities by connecting people to the work that matters since 1988. We provide meaningful opportunities to our extensive network of healthcare and school-based professionals, ready to work in any hospital, government facility, or school. Through partnership and innovation, Amergis creates unmatched staffing experiences to deliver the best workforce solutions.  
						
Amergis is an equal opportunity/affirmative action employer. All qualified applicants will receive consideration for employment without regard to sex, gender identity, sexual orientation, race, color, religion, national origin, disability, protected Veteran status, age, or any other characteristic protected by law.",https://careers.amergis.com/job/886977-social-emotional-paraprofessional-fall-river-massachusetts/
Behavior Technician - ST,"San Jose, California",Category: Education,,Contract - Part Time,,,Contract Duration: 36 Weeks,Work Setting: Schools,Est. Pay: $690 / Week,,Posted Date: 8/5/2025,"The Behavior Technician works to facilitate educational andbehavioral services with children and adults with special needs andcollaborates with school professionals and other behavioral specialists toachieve learning and behavioral goals and objectives. 
Minimum Requirements:


High School diploma or equivalent required 
Two (2) years of pediatric experience preferred
Current CPR if applicable 
TB questionnaire, PPD or chest x-ray if applicable   
Must meet all federal, state and local requirements 
Must be at least 18 years of age



Benefits
At Amergis, we firmly believe that our employees are the heartbeat of our organization and we are happy to offer the following benefits:


Competitive pay & weekly paychecks
Health, dental, vision, and life insurance
401(k) savings plan
Awards and recognition programs 

*Benefit eligibility is dependent on employment status. 
												
About Amergis
Amergis, formerly known as Maxim Healthcare Staffing, has served our clients and communities by connecting people to the work that matters since 1988. We provide meaningful opportunities to our extensive network of healthcare and school-based professionals, ready to work in any hospital, government facility, or school. Through partnership and innovation, Amergis creates unmatched staffing experiences to deliver the best workforce solutions.  
						
Amergis is an equal opportunity/affirmative action employer. All qualified applicants will receive consideration for employment without regard to sex, gender identity, sexual orientation, race, color, religion, national origin, disability, protected Veteran status, age, or any other characteristic protected by law.",https://careers.amergis.com/job/888371-behavior-technician-st-san-jose-california/
School Psychologist 25/26 School Year,"Nashville, Tennessee",Category: Education,,Contract Duration: 36 Weeks,,,Contract Duration: 36 Weeks,Work Setting: Schools,Est. Pay: $2075 / Week,,Posted Date: 5/14/2025,"The School Psychologist works to support students through avariety of mental health and developmental issues and aid in qualifyingstudents for additional support services. The School Psychologist is responsible for providing on-sitepsychological services to students under the jurisdiction of the state anddistrict.  
Minimum Requirements: 


Must maintain current State licensures and/or certificationsin state of assignment  
Experience in pediatric and adolescent population ispreferred  
Master’s degree in psychology preferred 
Current CPR if applicable 
TB Questionnaire, PPD or chest x-ray if applicable  
Current Health certificate (per contract or stateregulation)  
Must meet all federal, state and local requirements 
Must be at least 18 years of age  
































Benefits
At Amergis, we firmly believe that our employees are the heartbeat of our organization and we are happy to offer the following benefits:


Competitive pay & weekly paychecks
Health, dental, vision, and life insurance
401(k) savings plan
Awards and recognition programs 

*Benefit eligibility is dependent on employment status. 
												
About Amergis
Amergis, formerly known as Maxim Healthcare Staffing, has served our clients and communities by connecting people to the work that matters since 1988. We provide meaningful opportunities to our extensive network of healthcare and school-based professionals, ready to work in any hospital, government facility, or school. Through partnership and innovation, Amergis creates unmatched staffing experiences to deliver the best workforce solutions.  
						
Amergis is an equal opportunity/affirmative action employer. All qualified applicants will receive consideration for employment without regard to sex, gender identity, sexual orientation, race, color, religion, national origin, disability, protected Veteran status, age, or any other characteristic protected by law.",https://careers.amergis.com/job/871004-school-psychologist-25-26-school-year-nashville-tennessee/
Now Hiring School Social Worker,"Grand Rapids, Michigan",Category: Education,,Contract - Full Time,,,Contract Duration: 40 Weeks,Work Setting: Schools,Est. Pay: $40 / Hour,,Posted Date: 7/2/2025,"?? Now Hiring: School Social Worker | Empower Students, Support Families, Build Community ??
Location: Grand RapidsPosition Type: Contract – 10 monthsStart Date: 8/29/25Weekly Pay: $1750
About the Role:
We are seeking a compassionate, dedicated, and skilled School Social Worker to join our student support team. In this vital role, you will work collaboratively with educators, families, and community partners to help students overcome social, emotional, and behavioral challenges that impact their academic success and well-being.
Key Responsibilities:

Provide individual and group counseling to students facing social, emotional, or behavioral issues.
Collaborate with teachers, administrators, and parents to develop intervention strategies.
Conduct assessments and create support plans for students in need.
Serve as a liaison between school, home, and community resources.
Advocate for students’ rights and access to services.
Support crisis intervention and conflict resolution efforts.

Qualifications:

Master’s degree in Social Work (MSW) from an accredited program.
Valid state licensure or certification as a School Social Worker.
Experience working with children and adolescents in educational settings.
Strong communication, problem-solving, and organizational skills.
Bilingual (preferred but not required).

Why Join Us?

Supportive and inclusive school culture.
Opportunities for professional development and growth.
Competitive salary and benefits package.
Make a meaningful difference in the lives of students every day.

Ready to make an impact?Apply today! 
Benefits
At Amergis, we firmly believe that our employees are the heartbeat of our organization and we are happy to offer the following benefits:


Competitive pay & weekly paychecks
Health, dental, vision, and life insurance
401(k) savings plan
Awards and recognition programs 

*Benefit eligibility is dependent on employment status. 
												
About Amergis
Amergis, formerly known as Maxim Healthcare Staffing, has served our clients and communities by connecting people to the work that matters since 1988. We provide meaningful opportunities to our extensive network of healthcare and school-based professionals, ready to work in any hospital, government facility, or school. Through partnership and innovation, Amergis creates unmatched staffing experiences to deliver the best workforce solutions.  
						
Amergis is an equal opportunity/affirmative action employer. All qualified applicants will receive consideration for employment without regard to sex, gender identity, sexual orientation, race, color, religion, national origin, disability, protected Veteran status, age, or any other characteristic protected by law.",https://careers.amergis.com/job/881001-now-hiring-school-social-worker-grand-rapids-michigan/
School Psychologist - 25/26 School year!,"Laurens, South Carolina",Category: Education,,Contract Duration: 39 Weeks,,,Contract Duration: 39 Weeks,Work Setting: Schools,Est. Pay: $1099 / Week,,Posted Date: 7/14/2025,"Travel, Remote or Hybrid??????
?? Acting as your mission control???, I help School Psychologists launch into roles that match their lifestyle.

Some local roles;
Varnville, SC $65 Hr
Laurens, SC $65 Hr
Camden, SC $74 Hr
Beaufort, SC $65 Hr
Columbia, SC $70 Hr

W2 – Benefits – 401K

Call, Text or Email for your Career Takeoff ??
?? Rayulo@amergis.com
?? 813-261-5525

Benefits
At Amergis, we firmly believe that our employees are the heartbeat of our organization and we are happy to offer the following benefits:


Competitive pay & weekly paychecks
Health, dental, vision, and life insurance
401(k) savings plan
Awards and recognition programs 

*Benefit eligibility is dependent on employment status. 
												
About Amergis
Amergis, formerly known as Maxim Healthcare Staffing, has served our clients and communities by connecting people to the work that matters since 1988. We provide meaningful opportunities to our extensive network of healthcare and school-based professionals, ready to work in any hospital, government facility, or school. Through partnership and innovation, Amergis creates unmatched staffing experiences to deliver the best workforce solutions.  
						
Amergis is an equal opportunity/affirmative action employer. All qualified applicants will receive consideration for employment without regard to sex, gender identity, sexual orientation, race, color, religion, national origin, disability, protected Veteran status, age, or any other characteristic protected by law.",https://careers.amergis.com/job/883078-school-psychologist-25-26-school-year-laurens-south-carolina/
Hiring Skilled Behavioral Interventionalist 2025-2026 School Year,"Burbank, California",Category: Education,,Contract - Full Time,,,Contract Duration: 52 Weeks,Work Setting: Schools,Est. Pay: $22 / Hour,,Posted Date: 7/29/2025,"Now Hiring: Skilled School ABA Behavior Technician – Full-Time & Part-Time Positions Available!

Are you passionate about making a positive impact in the lives of students? Amergis Healthcare Staffing is actively seeking dedicated Behavioral Classroom Aides to provide essential behavioral support services in school settings. 

?? Competitive Pay: $24-$26 Hourly (Based on Experience) 
?? Location: School-Based Setting
? Flexible Schedules – Full-Time & Part-Time Opportunities!

Key Responsibilities:
As a Behavioral Classroom Aide, you will play a crucial role in supporting students with behavioral needs. Responsibilities include:  

? Providing personal care and behavioral assistance to assigned students  
? Assisting with classroom activities, grooming, meal preparation, toileting, and ambulation
? Managing challenging behaviors and implementing crisis intervention strategies  
? Encouraging independence and ensuring student safety
? Supporting the implementation of behavioral plans
? Maintaining accurate documentation as per Amergis policies  
? Communicating effectively with school staff and Amergis office personnel  

Qualifications:
? High School Diploma or equivalent (Associates degree in behavioral studies or related field preferred)  
? Strong verbal and written communication skills  
? CPR Certification & Current TB Skin Test/Chest X-ray (if applicable)  
? Completion of company testing process  

Ready to take the next step in your career? Apply today!  
?
If interested, please contact Rahel Gebre (213) 513-3143 or email your resume in response to this post at ragebre@amergis.com

ASAP START AND ABA EXPERIENCE REQUIRED! PAY $24+ DOE

Benefits
At Amergis, we firmly believe that our employees are the heartbeat of our organization and we are happy to offer the following benefits:


Competitive pay & weekly paychecks
Health, dental, vision, and life insurance
401(k) savings plan
Awards and recognition programs 

*Benefit eligibility is dependent on employment status. 
												
About Amergis
Amergis, formerly known as Maxim Healthcare Staffing, has served our clients and communities by connecting people to the work that matters since 1988. We provide meaningful opportunities to our extensive network of healthcare and school-based professionals, ready to work in any hospital, government facility, or school. Through partnership and innovation, Amergis creates unmatched staffing experiences to deliver the best workforce solutions.  
						
Amergis is an equal opportunity/affirmative action employer. All qualified applicants will receive consideration for employment without regard to sex, gender identity, sexual orientation, race, color, religion, national origin, disability, protected Veteran status, age, or any other characteristic protected by law.",https://careers.amergis.com/job/886761-hiring-skilled-behavioral-interventionalist-2025-2026-school-year-burbank-california/
Occupational Therapist,"Marysville, Washington",Category: Education,,Contract - Full Time,,,Contract Duration: 42 Weeks,Work Setting: Schools,Est. Pay: $51 / Hour,,Posted Date: 8/4/2025,"The Occupational Therapist (OT) is responsible forperforming student evaluations, developing and providing therapy services, anddocumenting services in accordance with the plan of care developed for eachstudent.    
Minimum Requirements: 


Current licensure as an Occupational Therapist in the Stateof practice  
One (1) year of prior professional Occupational Therapyexperience preferred 
Complies with all relevant professional standards ofpractice 
Current CPR if applicable 
TB questionnaire, PPD or chest x-ray if applicable  
Current Health certificate (per contract or stateregulation)  
Must meet all federal, state and local requirements  
Must be at least 18 years of age  





Benefits
At Amergis, we firmly believe that our employees are the heartbeat of our organization and we are happy to offer the following benefits:


Competitive pay & weekly paychecks
Health, dental, vision, and life insurance
401(k) savings plan
Awards and recognition programs 

*Benefit eligibility is dependent on employment status. 
												
About Amergis
Amergis, formerly known as Maxim Healthcare Staffing, has served our clients and communities by connecting people to the work that matters since 1988. We provide meaningful opportunities to our extensive network of healthcare and school-based professionals, ready to work in any hospital, government facility, or school. Through partnership and innovation, Amergis creates unmatched staffing experiences to deliver the best workforce solutions.  
						
Amergis is an equal opportunity/affirmative action employer. All qualified applicants will receive consideration for employment without regard to sex, gender identity, sexual orientation, race, color, religion, national origin, disability, protected Veteran status, age, or any other characteristic protected by law.",https://careers.amergis.com/job/888101-occupational-therapist-marysville-washington/
School Teacher 25/26 School Year,"Memphis, Tennessee",Category: Education,,Contract - Full Time,,,Contract Duration: 36 Weeks,Work Setting: Schools,Est. Pay: $1558 / Week,,Posted Date: 5/1/2025,"The School Teacher implements the daily instructional plansof the classroom teacher in an effective manner. The School Teacher maintains aclass environment favorable to learning and personal growth and establisheseffective rapport with pupils while maintaining proper classroom management.The School Teacher works effectively with the building administrator and otherteachers.  
Minimum Requirements: 


Bachelor’s Degree or higher required  
Teacher license/certification, as applicable by state orcontract/district  
One year of experience as a school teacher, preferred  
Current CPR if applicable 
TB Questionnaire, PPD or chest x-ray if applicable  
Current Health certificate (per contract or stateregulation)  
Must meet all federal, state and local requirements 
Must be at least 18 years of age 


– Middle School Science– Middle School Math– Business Teacher– High School Math– ELA RTI-High School Spanish


Benefits
At Amergis, we firmly believe that our employees are the heartbeat of our organization and we are happy to offer the following benefits:


Competitive pay & weekly paychecks
Health, dental, vision, and life insurance
401(k) savings plan
Awards and recognition programs 

*Benefit eligibility is dependent on employment status. 
												
About Amergis
Amergis, formerly known as Maxim Healthcare Staffing, has served our clients and communities by connecting people to the work that matters since 1988. We provide meaningful opportunities to our extensive network of healthcare and school-based professionals, ready to work in any hospital, government facility, or school. Through partnership and innovation, Amergis creates unmatched staffing experiences to deliver the best workforce solutions.  
						
Amergis is an equal opportunity/affirmative action employer. All qualified applicants will receive consideration for employment without regard to sex, gender identity, sexual orientation, race, color, religion, national origin, disability, protected Veteran status, age, or any other characteristic protected by law.",https://careers.amergis.com/job/868528-school-teacher-25-26-school-year-memphis-tennessee/
School Psychologist - ST,"Vancouver, Washington",Category: Education,,Contract - Full Time,,,Contract Duration: 36 Weeks,Work Setting: Schools,Est. Pay: $2437 / Week,,Posted Date: 3/4/2025,"This position is in Kelso, WA.
The School Psychologist works to support students through avariety of mental health and developmental issues and aid in qualifyingstudents for additional support services. The School Psychologist is responsible for providing on-sitepsychological services to students under the jurisdiction of the state anddistrict.  
Minimum Requirements: 


Must maintain current State licensures and/or certificationsin state of assignment  
Experience in pediatric and adolescent population ispreferred  
Master’s degree in psychology preferred 
Current CPR if applicable 
TB Questionnaire, PPD or chest x-ray if applicable  
Current Health certificate (per contract or stateregulation)  
Must meet all federal, state and local requirements 
Must be at least 18 years of age  
































Benefits
At Amergis, we firmly believe that our employees are the heartbeat of our organization and we are happy to offer the following benefits:


Competitive pay & weekly paychecks
Health, dental, vision, and life insurance
401(k) savings plan
Awards and recognition programs 

*Benefit eligibility is dependent on employment status. 
												
About Amergis
Amergis, formerly known as Maxim Healthcare Staffing, has served our clients and communities by connecting people to the work that matters since 1988. We provide meaningful opportunities to our extensive network of healthcare and school-based professionals, ready to work in any hospital, government facility, or school. Through partnership and innovation, Amergis creates unmatched staffing experiences to deliver the best workforce solutions.  
						
Amergis is an equal opportunity/affirmative action employer. All qualified applicants will receive consideration for employment without regard to sex, gender identity, sexual orientation, race, color, religion, national origin, disability, protected Veteran status, age, or any other characteristic protected by law.",https://careers.amergis.com/job/857991-school-psychologist-st-vancouver-washington/
Occupational Therapist - School,"Fayetteville, North Carolina",Category: Education,,Contract - Full Time,,,Contract Duration: 40 Weeks,Work Setting: Schools,Est. Pay: $1875 / Week,,Posted Date: 7/25/2025,"Amergis Educational Staffing is seeking a Occupational Therapist for the 25/26 School Year. Ideal candidate will have a year or more experience. 
The Occupational Therapist (OT) is responsible forperforming student evaluations, developing and providing therapy services, anddocumenting services in accordance with the plan of care developed for eachstudent.   
Minimum Requirements: 


Current licensure as an Occupational Therapist in the Stateof practice  
One (1) year of prior professional Occupational Therapyexperience preferred 
Complies with all relevant professional standards ofpractice 
Current CPR if applicable 
TB questionnaire, PPD or chest x-ray if applicable 


Details: 


Start date: 8/25/25
10 month contract
Monday-Friday 37.5 hours a week


Amergis offers the following benefits:


Medical,Dental, Vision, and Life Insurance
401kProgram


To apply email your resume to doschaib@amergis.comor call 813-371-5161





Benefits
At Amergis, we firmly believe that our employees are the heartbeat of our organization and we are happy to offer the following benefits:


Competitive pay & weekly paychecks
Health, dental, vision, and life insurance
401(k) savings plan
Awards and recognition programs 

*Benefit eligibility is dependent on employment status. 
												
About Amergis
Amergis, formerly known as Maxim Healthcare Staffing, has served our clients and communities by connecting people to the work that matters since 1988. We provide meaningful opportunities to our extensive network of healthcare and school-based professionals, ready to work in any hospital, government facility, or school. Through partnership and innovation, Amergis creates unmatched staffing experiences to deliver the best workforce solutions.  
						
Amergis is an equal opportunity/affirmative action employer. All qualified applicants will receive consideration for employment without regard to sex, gender identity, sexual orientation, race, color, religion, national origin, disability, protected Veteran status, age, or any other characteristic protected by law.",https://careers.amergis.com/job/886135-occupational-therapist-school-fayetteville-north-carolina/
School Psychologist - ST,"Chehalis, Washington",Category: Education,,Contract - Full Time,,,Contract Duration: 36 Weeks,Work Setting: Schools,Est. Pay: $2625 / Week,,Posted Date: 4/22/2025,"The School Psychologist works to support students through avariety of mental health and developmental issues and aid in qualifyingstudents for additional support services. The School Psychologist is responsible for providing on-sitepsychological services to students under the jurisdiction of the state anddistrict.  
Minimum Requirements: 


Must maintain current State licensures and/or certificationsin state of assignment  
Experience in pediatric and adolescent population ispreferred  
Master’s degree in psychology preferred 
Current CPR if applicable 
TB Questionnaire, PPD or chest x-ray if applicable  
Current Health certificate (per contract or stateregulation)  
Must meet all federal, state and local requirements 
Must be at least 18 years of age  
































Benefits
At Amergis, we firmly believe that our employees are the heartbeat of our organization and we are happy to offer the following benefits:


Competitive pay & weekly paychecks
Health, dental, vision, and life insurance
401(k) savings plan
Awards and recognition programs 

*Benefit eligibility is dependent on employment status. 
												
About Amergis
Amergis, formerly known as Maxim Healthcare Staffing, has served our clients and communities by connecting people to the work that matters since 1988. We provide meaningful opportunities to our extensive network of healthcare and school-based professionals, ready to work in any hospital, government facility, or school. Through partnership and innovation, Amergis creates unmatched staffing experiences to deliver the best workforce solutions.  
						
Amergis is an equal opportunity/affirmative action employer. All qualified applicants will receive consideration for employment without regard to sex, gender identity, sexual orientation, race, color, religion, national origin, disability, protected Veteran status, age, or any other characteristic protected by law.",https://careers.amergis.com/job/866775-school-psychologist-st-chehalis-washington/
Behavioral Classroom Aide,"San Bernardino, California",Category: Education,,Contract - Full Time,,,Contract Duration: 36 Weeks,Work Setting: Schools,Est. Pay: $15 / Hour,,Posted Date: 5/28/2025,"PAY RATE 21- 26/HR
Amergis Healthcare Staffing is seeking a Behavioral Classroom Aide.  The Behavioral Classroom Aide provides behavioral support services in the school setting.
Minimum Requirements:


High School diploma or its equivalent.
Associates degree in behavioral studies or related field, or equivalent experience preferred.
Current Health Certificate (if applicable)
Current CPR card.
Current TB Skin test or Chest X-ray

Benefits
At Amergis, we firmly believe that our employees are the heartbeat of our organization and we are happy to offer the following benefits:


Competitive pay & weekly paychecks
Health, dental, vision, and life insurance
401(k) savings plan
Awards and recognition programs 

*Benefit eligibility is dependent on employment status. 
												
About Amergis
Amergis, formerly known as Maxim Healthcare Staffing, has served our clients and communities by connecting people to the work that matters since 1988. We provide meaningful opportunities to our extensive network of healthcare and school-based professionals, ready to work in any hospital, government facility, or school. Through partnership and innovation, Amergis creates unmatched staffing experiences to deliver the best workforce solutions.  
						
Amergis is an equal opportunity/affirmative action employer. All qualified applicants will receive consideration for employment without regard to sex, gender identity, sexual orientation, race, color, religion, national origin, disability, protected Veteran status, age, or any other characteristic protected by law.",https://careers.amergis.com/job/873546-behavioral-classroom-aide-san-bernardino-california/
M/M Special Education Teacher 25/26 School Year,"North Highlands, California",Category: Education,,Contract - Full Time,,,Contract Duration: 36 Weeks,Work Setting: Schools,Est. Pay: $1875 / Week,,Posted Date: 6/14/2025,"The Special Education Teacher, under the direction of theSpecial Education Program Administrator provides quality services to specialeducation students, kindergarten through grade 12.  The Special Education Teacher has a commitmentto team participation in planning and implementation of student programsincluding special instruction, tutorial assistance and consultation withgeneral education staff.   
Minimum Requirements:  


Bachelor’s Degree from an accredited universitypreferred  
Valid state teaching certificate as required by state,contract/district regulations  
Minimum of one year experience in teaching environmentpreferred  
State Teacher Certification; Type: Standard ElementaryTeaching preferred 
State Teacher Certification; Type: Standard SecondaryTeaching preferred 
State Teacher Certification; Type: Standard Special Teachingpreferred 
Endorsement: Learning Behavior Specialist (LBS1) preferred
Current CPR if applicable 
TB Questionnaire, PPD or chest x-ray if applicable  
Current Health certificate (per contract or stateregulation)  
Must meet all federal, state and local requirements 
Must be at least 18 years of age 

Benefits
At Amergis, we firmly believe that our employees are the heartbeat of our organization and we are happy to offer the following benefits:


Competitive pay & weekly paychecks
Health, dental, vision, and life insurance
401(k) savings plan
Awards and recognition programs 

*Benefit eligibility is dependent on employment status. 
												
About Amergis
Amergis, formerly known as Maxim Healthcare Staffing, has served our clients and communities by connecting people to the work that matters since 1988. We provide meaningful opportunities to our extensive network of healthcare and school-based professionals, ready to work in any hospital, government facility, or school. Through partnership and innovation, Amergis creates unmatched staffing experiences to deliver the best workforce solutions.  
						
Amergis is an equal opportunity/affirmative action employer. All qualified applicants will receive consideration for employment without regard to sex, gender identity, sexual orientation, race, color, religion, national origin, disability, protected Veteran status, age, or any other characteristic protected by law.",https://careers.amergis.com/job/877109-m-m-special-education-teacher-25-26-school-year-north-highlands-california/
LPN/LVN School 1.1 25/26 School Year,"Oakley, California",Category: Education,,Contract Duration: 32 Weeks,,,Contract Duration: 32 Weeks,Work Setting: Schools,Est. Pay: $750 / Week,,Posted Date: 7/9/2025,"The 1:1 School LPN/LVN is responsible for identifying andaddressing health concerns in students within the school setting. This roleincludes promoting general wellness, providing health education, and supportingdisease prevention efforts. The School LPN/LVN monitors the student’s physicalcondition throughout the school day and refers to appropriate healthcareresources when necessary. All care is delivered in accordance with the SchoolLPN/LVN scope of practice and in compliance with applicable state educationcodes. 
Minimum Requirements: 


Complies with all relevant professional standards ofpractice 
Current LPN/LVN license in the state which services arebeing provided 
One year of school nurse experience, preferred 
One-year pediatric experience, pre  
Current CPR if applicable 
TB questionnaire, PPD or chest x-ray if applicable 
Current Health certificate (per contract or stateregulation) 
Must meet all federal, state and local requirements 
Must be at least 18 years of age
1:1 caseloads
Most likely will be G-tube, Diabetic and Seizure     case, Candidate must be comfortable with all three.
Okay with rerouting and have reliable     transportation
Must be okay working with all age groups  


Benefits
At Amergis, we firmly believe that our employees are the heartbeat of our organization and we are happy to offer the following benefits:


Competitive pay & weekly paychecks
Health, dental, vision, and life insurance
401(k) savings plan
Awards and recognition programs 

*Benefit eligibility is dependent on employment status. 
												
About Amergis
Amergis, formerly known as Maxim Healthcare Staffing, has served our clients and communities by connecting people to the work that matters since 1988. We provide meaningful opportunities to our extensive network of healthcare and school-based professionals, ready to work in any hospital, government facility, or school. Through partnership and innovation, Amergis creates unmatched staffing experiences to deliver the best workforce solutions.  
						
Amergis is an equal opportunity/affirmative action employer. All qualified applicants will receive consideration for employment without regard to sex, gender identity, sexual orientation, race, color, religion, national origin, disability, protected Veteran status, age, or any other characteristic protected by law.",https://careers.amergis.com/job/882140-lpn-lvn-school-1-1-25-26-school-year-oakley-california/
Per Diem LVN/LPN - Weekly Pay!!,"Glendale, California",Category: Education,,Contract - Full Time,,,Contract Duration: 36 Weeks,Work Setting: Schools,Est. Pay: $15 / Hour,,Posted Date: 5/27/2025,"With over 37 years of experience and a culture that prioritizes patient care, Amergis offers a work-life balance and a dedicated team to support your success. Enjoy flexible scheduling, fast and clear communication with office and clinical teams, and clear advancement pathways. As a large, national organization, we provide stability and a supportive environment. Whether you’re discovering or focusing on your passion, we ensure you have everything you need. Let us connect you to the work you love!

We are seeking a part-time Licensed Vocational Nurse (LVN) / Licensed Practical Nurse (LPN) to join our educational institution as a School LVN. The ideal candidate will provide high-quality nursing care to students, ensuring their health and well-being in a school setting. The School Nurse assumes responsibility and accountability for the application of the nursing process and the delivery of student/client care and/or contracted services in a school setting.
Responsibilities:


Administer medications and treatments as prescribed by physicians.


Provide first aid and emergency care to students.


Monitor the student’s health and report any changes to the healthcare team.


Conduct health screenings and assessments.


Assist with daily living activities for the student with special needs.


Educate the student and staff on health and wellness topics.


Maintain and update the student’s health records.


Collaborate with parents, teachers, and healthcare providers to support the student’s health.


Maintain security of school health supplies and medication.


Provide follow-up evaluations on the student as required.


Record immunizations, health findings, and other relevant health data.


Identify abnormal growth and development, symptoms of disease, and discuss with parents.


Develop positive working relationships.


Support the student’s medical needs during transport as applicable.


Utilize the nursing process to plan, implement, and evaluate the student’s care needs.


Perform interventions, treatments, and medication administration according to the identified priorities as outlined in the Individualized Healthcare Plan (IHP).


Monitor and document the effectiveness of interventions, treatments, and medications.


Coordinate and facilitate services as requested between the school, local health agencies, and other community resources to meet the needs of the student.


Communicate with school district personnel about the student’s plan of care/IHP.


Notify District School Nurse/Amergis Supervisor/Parent/Physician as outlined in the IHP regarding changes in the student’s condition and physician notifications to obtain necessary orders.


Evaluate and assure student safety at all times.


Adhere to Amergis Healthcare and school district policies.


Maintain accuracy in student health records.


Support professional practice by observing the Nurse Practice Act, Standards of Nursing Practice, Standards of Patient Care, Standards of accrediting body (The Joint Commission), State laws, Educational Codes, Federal Laws as described in the ADA and IDEA, Patient Bill of Rights, and Amergis Healthcare and school district policies.


Participate in student care conferences/Individualized Education Program (IEP) at the request of the school district.


Direct questions regarding orders and changes in condition to a Supervising RN (District Nurse and/or Clinical Supervisor).


Perform other duties as assigned/necessary.


Qualifications:


Graduate of an accredited registered, practical, or vocational nursing program.


Licensed as a Licensed Practical, Licensed Vocational, or Registered Nurse in the state of California.


One year of pediatric experience.


Current PPD or Chest X-Ray.


Current BLS card.


Previous experience in a school or pediatric setting is preferred.


Strong communication and interpersonal skills.


Ability to handle emergencies calmly and efficiently.


Knowledge of state health regulations and school policies.


Compassionate and patient-focused approach.


Considerable knowledge of medical disorders and treatment.


Considerable knowledge of child growth and development.


Some knowledge of public health problems and procedures for treatment in coordination with other health and social service agencies.


Ability to effectively elicit/provide information to and from appropriate individuals (including, but not limited to, supervisors, co-workers, clients) via strong communication skills; proficiency in the English language is required.


Computer proficiency preferred.


Must be at least 18 years of age.


Complies with accepted professional standards and practices.


Willingness to participate in skill advancement, if applicable.


Participation and completion of Amergis’ Competency program.


Current Health certificate (per contract or state regulation).


Must meet all federal, state, and local requirements.


Successful completion of new hire training as applicable to the job site.


Understand patient confidentiality and HIPAA requirements.


Benefits:


Competitive salary.


Health, dental, and vision insurance.


Paid time off and holidays.


Professional development opportunities.


Benefits
At Amergis, we firmly believe that our employees are the heartbeat of our organization and we are happy to offer the following benefits:


Competitive pay & weekly paychecks
Health, dental, vision, and life insurance
401(k) savings plan
Awards and recognition programs 

*Benefit eligibility is dependent on employment status. 
												
About Amergis
Amergis, formerly known as Maxim Healthcare Staffing, has served our clients and communities by connecting people to the work that matters since 1988. We provide meaningful opportunities to our extensive network of healthcare and school-based professionals, ready to work in any hospital, government facility, or school. Through partnership and innovation, Amergis creates unmatched staffing experiences to deliver the best workforce solutions.  
						
Amergis is an equal opportunity/affirmative action employer. All qualified applicants will receive consideration for employment without regard to sex, gender identity, sexual orientation, race, color, religion, national origin, disability, protected Veteran status, age, or any other characteristic protected by law.",https://careers.amergis.com/job/873227-per-diem-lvn-lpn-weekly-pay-glendale-california/
"School SLP-Moreno Valley, CA (25-26 School Year) $80/HR","Moreno Valley, California",Category: Education,,Contract - Full Time,,,Contract Duration: 36 Weeks,Work Setting: Schools,Est. Pay: $3000 / Week,,Posted Date: 7/27/2025,"LOOKING FOR AN SLP FOR THE 2025-2026 SCHOOL YEAR-IN MORENO VALLEY, CA!


**ESTIMATED START DATE: 8/14/2025****

$80/HR

CA-SLP LICENSE 
SCHOOL SETTING OR PEDIATRIC EXPERIENCE REQUIRED
37.50 HRS/WK (M-F)  

The Speech-Language Pathologist is responsible for the implementation of speech/language pathology services.

Essential Duties and Responsibilities:


Performs assessment(s) of patient’s communication, oral-motor integrity, cognitive status, memory and problem-solving abilities, hearing and speech fluency and quality
Assesses home environment (as appropriate) and identifies equipment needs relative to speech/language function
Identifies functional speech defects and establishes a plan of care in coordination with the physician to address speech, language, hearing and other functional disorders
Administers speech therapy program utilizing specialized therapeutic techniques and/or equipment
Instructs patient, caregiver, and other members of the health team regarding their roles in speech therapy
Recommends communication devices/aids as indicated
Recommends hearing tests by audiologist as necessary
Prepares and submits clinical progress summary notes based on the attainment of goals
Instructs patient, family/caregiver, and other health care personnel in the patient’s treatment regime as indicated
Performs other duties as required to facilitate the delivery of speech language pathology services
Identifies patient and family/caregiver needs for other services, and refers as appropriate
Complies with accepted professional standards and practices, and maintains clinical competency in speech language pathology practice and theory
Performs other duties as assigned/necessary

Minimum Requirements:


Meets the education and experience requirements for a Certificate of Clinical Competence in speech-language pathology
Must hold a degree from an accredited school of Speech-Language Pathology?
Current licensure or certification as a Speech Language Pathologist in the state of assignment?
One year of prior professional Speech Language Pathology experience preferred?
Complies with all relevant professional standards of practice 
Participation and completion of Amergis’ Competency program when applicable
Current CPR if applicable
TB Questionnaire, PPD or chest x-ray if applicable 
Current Health certificate (per contract or state regulation) 
Must meet all federal, state and local requirements 
Successful completion of new hire training as applicable to job site 
Understand patient confidentiality and HIPAA requirements  
Ability to effectively elicit/provide information to and from appropriate individuals (including, but not limited to, supervisors, co-workers, clients) via strong communication skills; proficiency in the English language is required  
Computer proficiency required
Must be at least 18 years of age  



General Comments 983395

Benefits
At Amergis, we firmly believe that our employees are the heartbeat of our organization and we are happy to offer the following benefits:


Competitive pay & weekly paychecks
Health, dental, vision, and life insurance
401(k) savings plan
Awards and recognition programs 

*Benefit eligibility is dependent on employment status. 
												
About Amergis
Amergis, formerly known as Maxim Healthcare Staffing, has served our clients and communities by connecting people to the work that matters since 1988. We provide meaningful opportunities to our extensive network of healthcare and school-based professionals, ready to work in any hospital, government facility, or school. Through partnership and innovation, Amergis creates unmatched staffing experiences to deliver the best workforce solutions.  
						
Amergis is an equal opportunity/affirmative action employer. All qualified applicants will receive consideration for employment without regard to sex, gender identity, sexual orientation, race, color, religion, national origin, disability, protected Veteran status, age, or any other characteristic protected by law.",https://careers.amergis.com/job/886214-school-slp-moreno-valley-ca-25-26-school-year-80-hr-moreno-valley-california/
Now Hiring. Special Education Instructional Aide II,"Mariposa, California",Category: Education,,Contract - Part Time,,,Contract Duration: 40 Weeks,Work Setting: Schools,Est. Pay: $660 / Week,,Posted Date: 7/16/2025,"Job Title: Special Education Aide II

?? Location: Mariposa County (Various job sites)?? Expected Start Date: August 18, 2025?? Full-Time | 6-6.5 hours per day

About the Role

Amergis Educational Staffing is seeking a dedicated and compassionate Special Education Aide II to support students with behavioral challenges in a school setting. Under the general supervision of a designated administrator, you will assist teachers by working independently with students or small groups to improve academic performance, social skills, and positive behaviors.
This role is ideal for individuals passionate about making a difference in students’ lives and who thrive in a collaborative, student-centered environment.

Key Responsibilities


Provide direct support to behaviorally challenged students.
Monitor, redirect, and modify student behavior and performance.
Develop and implement activities to enhance academic and social development.
Work independently to guide students in improving personal and non-academic skills.
Assist teachers with routine clerical and instructional duties as assigned.


Qualifications

Required:

High school diploma or equivalent (completion of 12th grade).
Must be No Child Left Behind (NCLB) Compliant:

Either an AA degree or higher, or
48+ college units (unofficial transcripts required), or
Passing score on the district’s Instructional Aide Eligibility Test.


Valid California Driver’s License.

Desirable:

Valid First Aid and CPR certification.


Why Join Amergis?


Supportive and inclusive work environment.
Opportunities for professional growth and development.
Make a meaningful impact in the lives of students every day.

?? Apply NowReady to make a difference? Submit your application today and help shape a brighter future for students in your community.

Benefits
At Amergis, we firmly believe that our employees are the heartbeat of our organization and we are happy to offer the following benefits:


Competitive pay & weekly paychecks
Health, dental, vision, and life insurance
401(k) savings plan
Awards and recognition programs 

*Benefit eligibility is dependent on employment status. 
												
About Amergis
Amergis, formerly known as Maxim Healthcare Staffing, has served our clients and communities by connecting people to the work that matters since 1988. We provide meaningful opportunities to our extensive network of healthcare and school-based professionals, ready to work in any hospital, government facility, or school. Through partnership and innovation, Amergis creates unmatched staffing experiences to deliver the best workforce solutions.  
						
Amergis is an equal opportunity/affirmative action employer. All qualified applicants will receive consideration for employment without regard to sex, gender identity, sexual orientation, race, color, religion, national origin, disability, protected Veteran status, age, or any other characteristic protected by law.",https://careers.amergis.com/job/884028-now-hiring-special-education-instructional-aide-ii-mariposa-california/
Classroom Aid (2025-2026 SY),"Pasadena, California",Category: Education,,Contract - Full Time,,,Contract Duration: 40 Weeks,Work Setting: Schools,Est. Pay: $19 / Hour,,Posted Date: 6/12/2025,"School Aide – Special Education Support  Pay Range: $18 – $21/hour
Pasadena USD is looking for compassionate and dedicated School Aides to support students in their academic and behavioral development. As a valued team member, you’ll work under the guidance of the special education department, assisting students who need instructional or behavioral support.
In this role, you’ll possibly provide essential services for students with mobility and personal care needs—following care plans established by health professionals, social workers, and rehabilitation specialists.
Qualifications:


Must be at least 18 years old


Meet all federal, state, and local requirements


Hold a current CPR certification (if applicable)


Complete required TB screenings and health certificates (as per contract or state regulations)


This is an opportunity to make a meaningful impact in students’ lives while working in a supportive and rewarding school environment. If you’re passionate about helping students thrive, we’d love to have you on our team!
Benefits
At Amergis, we firmly believe that our employees are the heartbeat of our organization and we are happy to offer the following benefits:


Competitive pay & weekly paychecks
Health, dental, vision, and life insurance
401(k) savings plan
Awards and recognition programs 

*Benefit eligibility is dependent on employment status. 
												
About Amergis
Amergis, formerly known as Maxim Healthcare Staffing, has served our clients and communities by connecting people to the work that matters since 1988. We provide meaningful opportunities to our extensive network of healthcare and school-based professionals, ready to work in any hospital, government facility, or school. Through partnership and innovation, Amergis creates unmatched staffing experiences to deliver the best workforce solutions.  
						
Amergis is an equal opportunity/affirmative action employer. All qualified applicants will receive consideration for employment without regard to sex, gender identity, sexual orientation, race, color, religion, national origin, disability, protected Veteran status, age, or any other characteristic protected by law.",https://careers.amergis.com/job/876793-classroom-aid-2025-2026-sy-pasadena-california/
Behavior Technician - 25/26 School Year,"Westfield, Indiana",Category: Education,,Contract - Full Time,,,Contract Duration: 36 Weeks,Work Setting: Schools,Est. Pay: $25 / Hour,,Posted Date: 7/29/2025,"The Behavior Technician works to facilitate educational andbehavioral services with children and adults with special needs andcollaborates with school professionals and other behavioral specialists toachieve learning and behavioral goals and objectives. 
Minimum Requirements:


High School diploma or equivalent required 
Two (2) years of pediatric experience preferred
Current CPR if applicable 
TB questionnaire, PPD or chest x-ray if applicable   
Must meet all federal, state and local requirements 
Must be at least 18 years of age



Benefits
At Amergis, we firmly believe that our employees are the heartbeat of our organization and we are happy to offer the following benefits:


Competitive pay & weekly paychecks
Health, dental, vision, and life insurance
401(k) savings plan
Awards and recognition programs 

*Benefit eligibility is dependent on employment status. 
												
About Amergis
Amergis, formerly known as Maxim Healthcare Staffing, has served our clients and communities by connecting people to the work that matters since 1988. We provide meaningful opportunities to our extensive network of healthcare and school-based professionals, ready to work in any hospital, government facility, or school. Through partnership and innovation, Amergis creates unmatched staffing experiences to deliver the best workforce solutions.  
						
Amergis is an equal opportunity/affirmative action employer. All qualified applicants will receive consideration for employment without regard to sex, gender identity, sexual orientation, race, color, religion, national origin, disability, protected Veteran status, age, or any other characteristic protected by law.",https://careers.amergis.com/job/886729-behavior-technician-25-26-school-year-westfield-indiana/
Occupational Therapist - School ST,"San  Diego, California",Category: Education,,Contract - Full Time,,,Contract Duration: 36 Weeks,Work Setting: Schools,Est. Pay: $53 / Hour,,Posted Date: 6/19/2025,"Amergis Staffing is currentlyseeking Occupational Therapist for the 2025/26  school year in the SanDiego, CA area.
 
Position Details:  Gradel Level:  TK-12,In-Person, OT License
 
Schedule: Monday – Friday
Hours/Week: 20-24 hours Weekly
Start Date: 8/19/2025
Length: 25/26 School Year
Details: Must have OT experience
Local Rate: $53/hour
 
 Feel free to contact me ifyou are interested. Email: Cebattle@amergis.comor Phone: (813) 462-3553
 
 Amergis Advantages
Weekly pay through directdeposit
We have offices in most majorcities across the country
Premium pay rates with taxadvantage compensation
Health/Dental/Vision Insuranceavailable on 1st of month
Fully furnished, private housingavailable (pets are welcomed)
Expense reimbursement for traveland state licensure available
Accessible via office phone,email, or text

Emergency, On-call line,available 24/7




The Occupational Therapist (OT) is responsible forperforming student evaluations, developing and providing therapy services, anddocumenting services in accordance with the plan of care developed for eachstudent.   
Minimum Requirements:


Current licensure as an Occupational Therapist in the Stateof practice
One (1) year of prior professional Occupational Therapyexperience preferred
Current CPR if applicable
TB Questionnaire, PPD or chest x-ray if applicable
Current Health certificate (per contract or stateregulation)
Must meet all federal, state and local requirements
Must be at least 18 years of age




Benefits
At Amergis, we firmly believe that our employees are the heartbeat of our organization and we are happy to offer the following benefits:


Competitive pay & weekly paychecks
Health, dental, vision, and life insurance
401(k) savings plan
Awards and recognition programs 

*Benefit eligibility is dependent on employment status. 
												
About Amergis
Amergis, formerly known as Maxim Healthcare Staffing, has served our clients and communities by connecting people to the work that matters since 1988. We provide meaningful opportunities to our extensive network of healthcare and school-based professionals, ready to work in any hospital, government facility, or school. Through partnership and innovation, Amergis creates unmatched staffing experiences to deliver the best workforce solutions.  
						
Amergis is an equal opportunity/affirmative action employer. All qualified applicants will receive consideration for employment without regard to sex, gender identity, sexual orientation, race, color, religion, national origin, disability, protected Veteran status, age, or any other characteristic protected by law.",https://careers.amergis.com/job/878382-occupational-therapist-school-st-san-diego-california/
Certified General Education Teacher,"Columbia, South Carolina",Category: Education,,Contract Duration: 37 Weeks,,,Contract Duration: 37 Weeks,Work Setting: Schools,Est. Pay: $1804 / Week,,Posted Date: 8/5/2025,"Amergis Educational Staffing is seeking Certified General Education Teacher’s in Columbia, SC for the 25′-26′ School Year! 

Looking for: Math, Science, English and Gen Ed Elementary

– Teaching Certification Required
– 25′-26′ School Year Contract | Start Date: 7/30/25– Full Time In-Person | M-F 37.5 Hrs.– Competitive Weekly Pay– Full Benefits and 401K Available– Travel package available if you qualify Apply today to have a recruiter contact you! Amergis Educational Services(843) 573-0772

The School Teacher implements the daily instructional plans of the classroom teacher in an effective manner. The School Teacher maintains a class environment favorable to learning and personal growth and establishes effective rapport with pupils while maintaining proper classroom management. The School Teacher works effectively with the building administrator and other teachers. 
Minimum Requirements: 


Bachelor’s Degree or higher required 
Teacher license/certification, as applicable by state or contract/district 
One year of experience as a school teacher, preferred  
TB Questionnaire, PPD or chest x-ray if applicable 
Current Health certificate (per contract or state regulation) 
Must meet all federal, state and local requirements 
Must be at least 18 years of age 



Benefits
At Amergis, we firmly believe that our employees are the heartbeat of our organization and we are happy to offer the following benefits:


Competitive pay & weekly paychecks
Health, dental, vision, and life insurance
401(k) savings plan
Awards and recognition programs 

*Benefit eligibility is dependent on employment status. 
												
About Amergis
Amergis, formerly known as Maxim Healthcare Staffing, has served our clients and communities by connecting people to the work that matters since 1988. We provide meaningful opportunities to our extensive network of healthcare and school-based professionals, ready to work in any hospital, government facility, or school. Through partnership and innovation, Amergis creates unmatched staffing experiences to deliver the best workforce solutions.  
						
Amergis is an equal opportunity/affirmative action employer. All qualified applicants will receive consideration for employment without regard to sex, gender identity, sexual orientation, race, color, religion, national origin, disability, protected Veteran status, age, or any other characteristic protected by law.",https://careers.amergis.com/job/888305-certified-general-education-teacher-columbia-south-carolina/
Paraprofessional- ASL,"Bartow, Florida",Category: Education,,Contract - Full Time,,,Contract Duration: 39 Weeks,Work Setting: Schools,Est. Pay: $20 / Hour,,Posted Date: 6/24/2025,"Paraprofessionals Needed in Polk County for the 25/26 School Year!
Requirements: 

• Sixty (60) or more college credit hours or an Associate’s degree or higher from an accredited school or a passing score on the Para Pro exam required.• Must be certified in American Sign Language.
Parapro screening completed & proof of ASL 


Hours: 37.5 hours/ week
The School Aide is an individual who works with studentsrequiring instructional, and/or behavioral assistance under the supervision ofthe special education department, teacher and/or supervising designee.  The School Aide may also provide supportservices to assist students with personal, physical mobility and therapeuticcare needs, as established by a rehabilitation health practitioner, socialworker or other health care professional. 
Minimum Requirements: 


High School diploma or equivalent required 
Comply with all relevant professional standards ofpractice  
Current CPR if applicable 
TB questionnaire, PPD or chest x-ray if applicable  
Current Health certificate (per contract or stateregulation)  
Must meet all federal, state and local requirements   
Must be at least 18 years of age  



Benefits
At Amergis, we firmly believe that our employees are the heartbeat of our organization and we are happy to offer the following benefits:


Competitive pay & weekly paychecks
Health, dental, vision, and life insurance
401(k) savings plan
Awards and recognition programs 

*Benefit eligibility is dependent on employment status. 
												
About Amergis
Amergis, formerly known as Maxim Healthcare Staffing, has served our clients and communities by connecting people to the work that matters since 1988. We provide meaningful opportunities to our extensive network of healthcare and school-based professionals, ready to work in any hospital, government facility, or school. Through partnership and innovation, Amergis creates unmatched staffing experiences to deliver the best workforce solutions.  
						
Amergis is an equal opportunity/affirmative action employer. All qualified applicants will receive consideration for employment without regard to sex, gender identity, sexual orientation, race, color, religion, national origin, disability, protected Veteran status, age, or any other characteristic protected by law.",https://careers.amergis.com/job/879227-paraprofessional-asl-bartow-florida/
Speech Language Pathologist 25/26 School Year,"Kelso, Washington",Category: Education,,Contract - Full Time,,,Contract Duration: 36 Weeks,Work Setting: Schools,Est. Pay: $2625 / Week,,Posted Date: 6/11/2025,"The Speech-Language Pathologist in the school setting isresponsible for performing student evaluations as well as providing anddocumenting therapy services in accordance with the plan of care developed foreach individual student and the physician’s orders. 
Minimum Requirements:


Active Speech Language Pathologist (SLP) Licensure in thestate of assignment required 
Certificate of Clinical Competence in Speech-LanguagePathology (CCC-SLP) preferred and may be required by state/contract. 
Current CPR if applicable 
TB questionnaire, PPD or chest x-ray if applicable  
Current Health certificate (per contract or stateregulation)  
Must meet all federal, state and local requirements 
Must be at least 18 years of age 


Benefits
At Amergis, we firmly believe that our employees are the heartbeat of our organization and we are happy to offer the following benefits:


Competitive pay & weekly paychecks
Health, dental, vision, and life insurance
401(k) savings plan
Awards and recognition programs 

*Benefit eligibility is dependent on employment status. 
												
About Amergis
Amergis, formerly known as Maxim Healthcare Staffing, has served our clients and communities by connecting people to the work that matters since 1988. We provide meaningful opportunities to our extensive network of healthcare and school-based professionals, ready to work in any hospital, government facility, or school. Through partnership and innovation, Amergis creates unmatched staffing experiences to deliver the best workforce solutions.  
						
Amergis is an equal opportunity/affirmative action employer. All qualified applicants will receive consideration for employment without regard to sex, gender identity, sexual orientation, race, color, religion, national origin, disability, protected Veteran status, age, or any other characteristic protected by law.",https://careers.amergis.com/job/876348-speech-language-pathologist-25-26-school-year-kelso-washington/
"School Aide - Federal Way, WA - $24/HR!!","Federal Way, Washington",Category: Education,,Contract - Part Time,,,Contract Duration: 36 Weeks,Work Setting: Schools,Est. Pay: $672 / Week,,Posted Date: 7/30/2025,"PositionDescription 
**************School Aide in Federal Way,WA************
$24 / HR 

Start: Fall     2025
Length:     Through the 25/26 school year and beyond!

Amergis offers thefollowing benefits:
·Medical, Dental, Vision, and Life Insurance 
·401k Program
·Competitive (weekly) Pay
·Flexible Scheduling 
·Direct Deposit 
·Travel Benefits (as applicable) 
Amergis Healthcare Services is aleading provider of home healthcare, medical-related staffing, travel nursing,and population health and wellness services across the Unites States. As anestablished community partner, we have been making a difference in the lives ofour employees, caregivers, and patients for more than 25 years. 
Our commitment to customer service, improving patientcare, and staffing experienced healthcare professionals has paved the way formany rewarding career opportunities in the healthcare industry. 

Forfurther information and/or to apply to this opportunity, apply here OR feelfree to contact Glenn Silvidi directly @ 919/325-2397 or by email at glsilvid@amergis.com!:)
The School Aide is an individual who works with studentsrequiring instructional, and/or behavioral assistance under the supervision ofthe special education department, teacher and/or supervising designee.  The School Aide may also provide supportservices to assist students with personal, physical mobility and therapeuticcare needs, as established by a rehabilitation health practitioner, socialworker or other health care professional. 
Minimum Requirements: 


High School diploma or equivalent required 
Comply with all relevant professional standards ofpractice  
Current CPR if applicable 
TB questionnaire, PPD or chest x-ray if applicable  
Current Health certificate (per contract or stateregulation)  
Must meet all federal, state and local requirements   
Must be at least 18 years of age  



Benefits
At Amergis, we firmly believe that our employees are the heartbeat of our organization and we are happy to offer the following benefits:


Competitive pay & weekly paychecks
Health, dental, vision, and life insurance
401(k) savings plan
Awards and recognition programs 

*Benefit eligibility is dependent on employment status. 
												
About Amergis
Amergis, formerly known as Maxim Healthcare Staffing, has served our clients and communities by connecting people to the work that matters since 1988. We provide meaningful opportunities to our extensive network of healthcare and school-based professionals, ready to work in any hospital, government facility, or school. Through partnership and innovation, Amergis creates unmatched staffing experiences to deliver the best workforce solutions.  
						
Amergis is an equal opportunity/affirmative action employer. All qualified applicants will receive consideration for employment without regard to sex, gender identity, sexual orientation, race, color, religion, national origin, disability, protected Veteran status, age, or any other characteristic protected by law.",https://careers.amergis.com/job/887139-school-aide-federal-way-wa-24-hr-federal-way-washington/
"School SLPA - $41/hr, weekly pay","Orlando, Florida",Category: Education,,Contract - Full Time,,,Contract Duration: 39 Weeks,Work Setting: Schools,Est. Pay: $41 / Hour,,Posted Date: 8/1/2025,"The Speech Language Pathologist Assistant assists the SpeechLanguage Pathologist in providing speech and language services.  The Speech Language Pathologist Assistantwill have clinical, educational, documentation, and treatment relatedactivities while working within the scope of responsibilities/ plan of careassigned by the Speech Language Pathologist and/or physician.  
Minimum Requirements: 


Must be a graduate of a SLPA program with an associate’sdegree, or have a bachelor’s degree in a speech-language pathology orcommunication disorders program  
Successful completion of a minimum of 100 hours ofsupervised field work experience or its clinical experience equivalent asrequired by state and/or contract 
Current certification or licensure as a Speech-LanguagePathology Assistant in the State of Practice 
Complies with all relevant professional standards of practice  
One (1) year of prior professional Speech-Language PathologyAssistant experience preferred 
Complies with all relevant professional standards ofpractice  
TB questionnaire, PPD or chest x-ray if applicable  
Current Health certificate (per contract or stateregulation)  
Must meet all federal, state and local requirements  
Must be at least 18 years of age



Benefits
At Amergis, we firmly believe that our employees are the heartbeat of our organization and we are happy to offer the following benefits:


Competitive pay & weekly paychecks
Health, dental, vision, and life insurance
401(k) savings plan
Awards and recognition programs 

*Benefit eligibility is dependent on employment status. 
												
About Amergis
Amergis, formerly known as Maxim Healthcare Staffing, has served our clients and communities by connecting people to the work that matters since 1988. We provide meaningful opportunities to our extensive network of healthcare and school-based professionals, ready to work in any hospital, government facility, or school. Through partnership and innovation, Amergis creates unmatched staffing experiences to deliver the best workforce solutions.  
						
Amergis is an equal opportunity/affirmative action employer. All qualified applicants will receive consideration for employment without regard to sex, gender identity, sexual orientation, race, color, religion, national origin, disability, protected Veteran status, age, or any other characteristic protected by law.",https://careers.amergis.com/job/887733-school-slpa-41-hr-weekly-pay-orlando-florida/
School Based Behavioral Technician Needed !!! 25'-26' School Year !!,"Alhambra, California",Category: Education,,Contract - Full Time,,,Contract Duration: 48 Weeks,Work Setting: Schools,Est. Pay: $23 / Hour,,Posted Date: 7/25/2025,"Company: Amergis Healthcare Staffing
Job Type: Full-Time
Pay Rate: $20 – $25 per hour
About Us:
 At Amergis, we prioritize quality, innovation, and servant leadership. We are committed to fostering an inclusive environment that celebrates diversity and empowers our team members to make a meaningful impact in the communities we serve. Our mission is to connect top professionals with healthcare and educational partners to ensure that patients and students receive the care they need.
Job Description:
 As a School Behavior Technician, you will play a crucial role in facilitating educational and behavioral services for children and adults with special needs. You will collaborate with school professionals and other behavioral specialists to achieve learning and behavioral goals and objectives. Your work will be guided by Amergis’ core values of servant leadership, innovation, and commitment to quality.
Essential Duties and Responsibilities:

Implement behavior management techniques, including prevention, intervention, and consequence strategies.
Provide crisis intervention and support.
Review and implement behavior intervention plans.
Assist in facilitating academic instruction and development plans for speech-language pathology (SLP), occupational therapy (OT), and physical therapy (PT).
Document sessions per policies and procedures.
Collect behavioral and academic data accurately and efficiently.
Support students in developing independent daily living skills, such as toileting, clothing routines, and personal hygiene.
Assist students across various environments (classroom, playground, lunchroom, gym, sensory room, library, etc.).
Perform other duties as assigned.

Minimum Requirements:

High school diploma or equivalent.
Two years of pediatric experience preferred.
Compliance with all relevant professional standards of practice.
Participation and completion of Amergis’ Competency program.
Current CPR certification, TB questionnaire, PPD or chest x-ray, and health certificate as required.

Benefits
At Amergis, we firmly believe that our employees are the heartbeat of our organization and we are happy to offer the following benefits:


Competitive pay & weekly paychecks
Health, dental, vision, and life insurance
401(k) savings plan
Awards and recognition programs 

*Benefit eligibility is dependent on employment status. 
												
About Amergis
Amergis, formerly known as Maxim Healthcare Staffing, has served our clients and communities by connecting people to the work that matters since 1988. We provide meaningful opportunities to our extensive network of healthcare and school-based professionals, ready to work in any hospital, government facility, or school. Through partnership and innovation, Amergis creates unmatched staffing experiences to deliver the best workforce solutions.  
						
Amergis is an equal opportunity/affirmative action employer. All qualified applicants will receive consideration for employment without regard to sex, gender identity, sexual orientation, race, color, religion, national origin, disability, protected Veteran status, age, or any other characteristic protected by law.",https://careers.amergis.com/job/886175-school-based-behavioral-technician-needed-25-26-school-year-alhambra-california/
School Social Worker - Part Time,"Oswego, Illinois",Category: Education,,Contract - Part Time,,,Contract Duration: 39 Weeks,Work Setting: Schools,Est. Pay: $900 / Week,,Posted Date: 7/30/2025,"The Social Worker collaborates with the multidisciplinary team and provides input in the development of the IHP/IEP for students requiring social work intervention and support in the school setting.   
Minimum Requirements:  


Holds a Professional Educator License with School Social Worker (SSW) endorsement as required by state, contract and/or facility 
May be required to have MSW or LCSW per state, contract or facility 
Complies with all relevant professional standards of practice  
Current CPR if applicable  
TB questionnaire, PPD or chest x-ray if applicable  
Current Health certificate (per contract or state regulation)  
Must meet all federal, state and local requirements  
Must be at least 18 years of age  



Benefits
At Amergis, we firmly believe that our employees are the heartbeat of our organization and we are happy to offer the following benefits:


Competitive pay & weekly paychecks
Health, dental, vision, and life insurance
401(k) savings plan
Awards and recognition programs 

*Benefit eligibility is dependent on employment status. 
												
About Amergis
Amergis, formerly known as Maxim Healthcare Staffing, has served our clients and communities by connecting people to the work that matters since 1988. We provide meaningful opportunities to our extensive network of healthcare and school-based professionals, ready to work in any hospital, government facility, or school. Through partnership and innovation, Amergis creates unmatched staffing experiences to deliver the best workforce solutions.  
						
Amergis is an equal opportunity/affirmative action employer. All qualified applicants will receive consideration for employment without regard to sex, gender identity, sexual orientation, race, color, religion, national origin, disability, protected Veteran status, age, or any other characteristic protected by law.",https://careers.amergis.com/job/887073-school-social-worker-part-time-oswego-illinois/
Behavior Technician - Schools - Manatee County - 25-26 School Year,"Tampa Bay, Florida",Category: Education,,Contract - Full Time,,,Contract Duration: 39 Weeks,Work Setting: Schools,Est. Pay: $23 / Hour,,Posted Date: 4/28/2025,"Behavior Technicians Needed in Manatee County for the 2025-2026 School Year!
The Behavior Technician works to facilitate educational andbehavioral services with children and adults with special needs andcollaborates with school professionals and other behavioral specialists toachieve learning and behavioral goals and objectives. 
Minimum Requirements:


High School diploma or equivalent required 
Two (2) years of pediatric experience preferred
Current CPR if applicable 
TB questionnaire, PPD or chest x-ray if applicable   
Must meet all federal, state and local requirements 
Must be at least 18 years of age



Benefits
At Amergis, we firmly believe that our employees are the heartbeat of our organization and we are happy to offer the following benefits:


Competitive pay & weekly paychecks
Health, dental, vision, and life insurance
401(k) savings plan
Awards and recognition programs 

*Benefit eligibility is dependent on employment status. 
												
About Amergis
Amergis, formerly known as Maxim Healthcare Staffing, has served our clients and communities by connecting people to the work that matters since 1988. We provide meaningful opportunities to our extensive network of healthcare and school-based professionals, ready to work in any hospital, government facility, or school. Through partnership and innovation, Amergis creates unmatched staffing experiences to deliver the best workforce solutions.  
						
Amergis is an equal opportunity/affirmative action employer. All qualified applicants will receive consideration for employment without regard to sex, gender identity, sexual orientation, race, color, religion, national origin, disability, protected Veteran status, age, or any other characteristic protected by law.",https://careers.amergis.com/job/867838-behavior-technician-schools-manatee-county-25-26-school-year-tampa-bay-florida/
School Behavior Technician - Weekly Pay!,"Pasadena, California",Category: Education,,Contract - Full Time,,,Contract Duration: 52 Weeks,Work Setting: Schools,Est. Pay: $22 / Hour,,Posted Date: 7/1/2025,"The Behavior Technician works to facilitate educational andbehavioral services with children and adults with special needs andcollaborates with school professionals and other behavioral specialists toachieve learning and behavioral goals and objectives.
If interested, please contact Rahel Gebre (213) 513-3143 or email your resume in response to this post at ragebre@amergis.com
 ASAP START, WEEKLY PAY, AND ABA EXPERIENCE REQUIRED! PAY $24+ DOE
Minimum Requirements:


High School diploma or equivalent required 
Two (2) years of pediatric experience preferred
Current CPR if applicable 
TB questionnaire, PPD or chest x-ray if applicable   
Must meet all federal, state and local requirements 
Must be at least 18 years of age



Benefits
At Amergis, we firmly believe that our employees are the heartbeat of our organization and we are happy to offer the following benefits:


Competitive pay & weekly paychecks
Health, dental, vision, and life insurance
401(k) savings plan
Awards and recognition programs 

*Benefit eligibility is dependent on employment status. 
												
About Amergis
Amergis, formerly known as Maxim Healthcare Staffing, has served our clients and communities by connecting people to the work that matters since 1988. We provide meaningful opportunities to our extensive network of healthcare and school-based professionals, ready to work in any hospital, government facility, or school. Through partnership and innovation, Amergis creates unmatched staffing experiences to deliver the best workforce solutions.  
						
Amergis is an equal opportunity/affirmative action employer. All qualified applicants will receive consideration for employment without regard to sex, gender identity, sexual orientation, race, color, religion, national origin, disability, protected Veteran status, age, or any other characteristic protected by law.",https://careers.amergis.com/job/880828-school-behavior-technician-weekly-pay-pasadena-california/
School Aide,"Paso Robles, California",Category: Education,,Contract - Full Time,,,Contract Duration: 36 Weeks,Work Setting: Schools,Est. Pay: $20 / Hour,,Posted Date: 8/7/2025,"Amergis Staffing is currentlyseeking  School  Aide for the 2025/26  school year in the PasoRobles, CA area.
 
Position Details:  must have at least 1 year ofexperience working with kids with special needs
 
Schedule: Monday – Friday 
Hours/Week: 32.5 hours (Daily)
Start Date: 8/14/2025
Length: 25/26 School Year
Details:  Grade Level Pre K to 12thGrade
Pay  Rate: $20.00
 
 Feel free to contact me ifyou are interested. Email: Cebattle@amergis.comor Phone: (813) 462-3553
 
 Amergis Advantages
Weekly pay through directdeposit
We have offices in most majorcities across the country
Premium pay rates with taxadvantage compensation
Health/Dental/Vision Insuranceavailable on 1st of month
Fully furnished, private housingavailable (pets are welcomed)
Expense reimbursement for traveland state licensure available
Accessible via office phone,email, or text

Emergency, On-call line,available 24/7





The School Aide is an individual who works with studentsrequiring instructional, and/or behavioral assistance under the supervision ofthe special education department, teacher and/or supervising designee.  The School Aide may also provide supportservices to assist students with personal, physical mobility and therapeuticcare needs, as established by a rehabilitation health practitioner, socialworker or other health care professional. 
Minimum Requirements: 


High School diploma or equivalent required 
Comply with all relevant professional standards ofpractice  
Current CPR if applicable 
TB questionnaire, PPD or chest x-ray if applicable  
Current Health certificate (per contract or stateregulation)  
Must meet all federal, state and local requirements   
Must be at least 18 years of age  



Benefits
At Amergis, we firmly believe that our employees are the heartbeat of our organization and we are happy to offer the following benefits:


Competitive pay & weekly paychecks
Health, dental, vision, and life insurance
401(k) savings plan
Awards and recognition programs 

*Benefit eligibility is dependent on employment status. 
												
About Amergis
Amergis, formerly known as Maxim Healthcare Staffing, has served our clients and communities by connecting people to the work that matters since 1988. We provide meaningful opportunities to our extensive network of healthcare and school-based professionals, ready to work in any hospital, government facility, or school. Through partnership and innovation, Amergis creates unmatched staffing experiences to deliver the best workforce solutions.  
						
Amergis is an equal opportunity/affirmative action employer. All qualified applicants will receive consideration for employment without regard to sex, gender identity, sexual orientation, race, color, religion, national origin, disability, protected Veteran status, age, or any other characteristic protected by law.",https://careers.amergis.com/job/888900-school-aide-paso-robles-california/
School Aide,"Santa Barbara, California",Category: Education,,Contract - Part Time,,,Contract Duration: 20 Weeks,Work Setting: Schools,Est. Pay: $640 / Week,,Posted Date: 2/24/2025,"The School Aide is an individual who works with studentsrequiring instructional, and/or behavioral assistance under the supervision ofthe special education department and/or supervising designee.  The School Aide may also provide supportservices to assist students with personal, physical mobility and therapeuticcare needs, as established by a rehabilitation health practitioner, socialworker or other health care professional. 
Minimum Requirements:

Current CPR if applicable 
TB questionnaire, PPD or chest x-ray if applicable  
Current Health certificate (per contract or stateregulation)  
Must meet all federal, state and local requirements 
Must be at least 18 years of age  


Benefits
At Amergis, we firmly believe that our employees are the heartbeat of our organization and we are happy to offer the following benefits:


Competitive pay & weekly paychecks
Health, dental, vision, and life insurance
401(k) savings plan
Awards and recognition programs 

*Benefit eligibility is dependent on employment status. 
												
About Amergis
Amergis, formerly known as Maxim Healthcare Staffing, has served our clients and communities by connecting people to the work that matters since 1988. We provide meaningful opportunities to our extensive network of healthcare and school-based professionals, ready to work in any hospital, government facility, or school. Through partnership and innovation, Amergis creates unmatched staffing experiences to deliver the best workforce solutions.  
						
Amergis is an equal opportunity/affirmative action employer. All qualified applicants will receive consideration for employment without regard to sex, gender identity, sexual orientation, race, color, religion, national origin, disability, protected Veteran status, age, or any other characteristic protected by law.",https://careers.amergis.com/job/856822-school-aide-santa-barbara-california/
Certified Special Education Teacher,"Columbia, South Carolina",Category: Education,,Contract - Full Time,,,Contract Duration: 36 Weeks,Work Setting: Schools,Est. Pay: $1912 / Week,,Posted Date: 5/16/2025,"CertifiedTeachers & Special Education Teachers – 2025/2026 School Year
Start Date: 7/28/25
Schedule: Full-time,37.5 hours/week
Organization: AmergisEducational Staffing
Amergis Educational Staffingis actively hiring Certified Teachers and Special EducationTeachers for the 2025–2026 school year. We are looking for passionateeducators committed to supporting student success across K–12 settings. SpecialEducation Teachers will work under the guidance of the Special EducationProgram Administrator to deliver high-quality instruction, provideindividualized support, and collaborate with general education staff to meetdiverse student needs.
KeyResponsibilities:

Deliver     engaging and differentiated instruction to students
Develop     and implement Individualized Education Programs (IEPs)
Provide     tutorial assistance and consult with general education staff
Monitor     student progress and maintain accurate documentation
Foster     a positive and inclusive classroom environment

MinimumRequirements:

Bachelor’s     degree from an accredited university (preferred)
Valid     state teaching certification (required)
At     least one year of teaching experience (preferred)
Certifications     preferred:
Standard     Elementary Teaching
Standard     Secondary Teaching
Standard     Special Education Teaching
Learning     Behavior Specialist (LBS1) endorsement
Current     CPR certification (if applicable)
TB     screening (questionnaire, PPD, or chest x-ray as applicable)
Current     health certificate (as required by contract or state regulations)
Must     meet all federal, state, and local requirements
Must     be at least 18 years of age

 

To apply email your resumeto doschaib@amergis.com or call 813-371-5161

Benefits
At Amergis, we firmly believe that our employees are the heartbeat of our organization and we are happy to offer the following benefits:


Competitive pay & weekly paychecks
Health, dental, vision, and life insurance
401(k) savings plan
Awards and recognition programs 

*Benefit eligibility is dependent on employment status. 
												
About Amergis
Amergis, formerly known as Maxim Healthcare Staffing, has served our clients and communities by connecting people to the work that matters since 1988. We provide meaningful opportunities to our extensive network of healthcare and school-based professionals, ready to work in any hospital, government facility, or school. Through partnership and innovation, Amergis creates unmatched staffing experiences to deliver the best workforce solutions.  
						
Amergis is an equal opportunity/affirmative action employer. All qualified applicants will receive consideration for employment without regard to sex, gender identity, sexual orientation, race, color, religion, national origin, disability, protected Veteran status, age, or any other characteristic protected by law.",https://careers.amergis.com/job/871690-certified-special-education-teacher-columbia-south-carolina/
Special Education Teacher - ECE,"Lompoc, California",Category: Education,,Contract Duration: 32 Weeks,,,Contract Duration: 32 Weeks,Work Setting: Schools,Est. Pay: $2829 / Week,,Posted Date: 6/20/2025,"Job Title: Early Childhood Education Teacher   Location: Lompoc and Santa Maria, California   Employment Type: Full-Time | 2025–2026 School Year
Position Overview   We are seeking a nurturing, creative, and dedicated Early Childhood Education Teacher to join our team. This role is responsible for fostering a safe, engaging, and developmentally appropriate learning environment for children ages 3–5. The ideal candidate will bring a passion for early learning, strong classroom management skills, and a commitment to supporting the whole child.
Key Responsibilities


Plan and implement age-appropriate curriculum aligned with early learning standards


Promote social-emotional, cognitive, and physical development through play-based learning


Maintain a safe, clean, and inclusive classroom environment


Build strong relationships with children, families, and colleagues


Conduct assessments and communicate student progress with families


Comply with licensing, health, and safety regulations


Minimum Qualifications


Associate’s or Bachelor’s degree in Early Childhood Education or related field


Valid California Child Development Teacher Permit (or eligibility)


Completion of 12+ ECE units (including Child Growth & Development, Child, Family & Community, and Curriculum)


CPR/First Aid certification and TB clearance (or willingness to obtain)


Prior experience in a licensed preschool or early learning setting preferred


Why Join Us?


Supportive leadership and collaborative team culture


Ongoing professional development and training


Opportunities for advancement in early childhood education


A chance to make a lasting impact during a child’s most formative years




Pay rate is for candidates 50+ miles away from site. 

Benefits
At Amergis, we firmly believe that our employees are the heartbeat of our organization and we are happy to offer the following benefits:


Competitive pay & weekly paychecks
Health, dental, vision, and life insurance
401(k) savings plan
Awards and recognition programs 

*Benefit eligibility is dependent on employment status. 
												
About Amergis
Amergis, formerly known as Maxim Healthcare Staffing, has served our clients and communities by connecting people to the work that matters since 1988. We provide meaningful opportunities to our extensive network of healthcare and school-based professionals, ready to work in any hospital, government facility, or school. Through partnership and innovation, Amergis creates unmatched staffing experiences to deliver the best workforce solutions.  
						
Amergis is an equal opportunity/affirmative action employer. All qualified applicants will receive consideration for employment without regard to sex, gender identity, sexual orientation, race, color, religion, national origin, disability, protected Veteran status, age, or any other characteristic protected by law.",https://careers.amergis.com/job/878479-special-education-teacher-ece-lompoc-california/
Join Our Team as a 5th Grade Teacher,"Beloit, Wisconsin",Category: Education,,Contract - Full Time,,,Contract Duration: 39 Weeks,Work Setting: Schools,Est. Pay: $40 / Hour,,Posted Date: 7/16/2025,"?? Join Our Team as a 5th Grade Teacher! ??
School Year: 2025–2026 | Start Date: September 2, 2025?? Location: Wisconsin?? Contract: 39 weeks | 37.5 hours/week?? Starting Pay: From $1,300/week (based on experience and licensure)
Are you passionate about early childhood education and ready to make a lasting impact on young learners? We’re looking for a warm, creative, and dedicated 5th Grade Teacher to join our vibrant school community!
? What You’ll Do:

Deliver engaging, standards-aligned instruction tailored to meet diverse student needs.
Foster a positive, inclusive, and nurturing classroom where every child feels seen and supported.
Use a variety of instructional strategies and educational technologies to enhance learning.
Assess and monitor student progress to inform instruction and support growth.
Collaborate with colleagues, families, and support staff to ensure student success.
Participate in ongoing professional development and contribute to school-wide initiatives.

?? What You’ll Need:

A valid Wisconsin DPI teaching license in the appropriate subject area.
A Bachelor’s degree in education or a related field.
Strong classroom management and communication skills.
A deep commitment to equity and culturally responsive teaching practices.

?? Why Join Us?

Supportive and collaborative school culture
Opportunities for professional growth
A chance to shape the future—one child at a time!

Ready to inspire young minds and grow with a passionate team?Apply now and help us build a joyful foundation for lifelong learning!
Benefits
At Amergis, we firmly believe that our employees are the heartbeat of our organization and we are happy to offer the following benefits:


Competitive pay & weekly paychecks
Health, dental, vision, and life insurance
401(k) savings plan
Awards and recognition programs 

*Benefit eligibility is dependent on employment status. 
												
About Amergis
Amergis, formerly known as Maxim Healthcare Staffing, has served our clients and communities by connecting people to the work that matters since 1988. We provide meaningful opportunities to our extensive network of healthcare and school-based professionals, ready to work in any hospital, government facility, or school. Through partnership and innovation, Amergis creates unmatched staffing experiences to deliver the best workforce solutions.  
						
Amergis is an equal opportunity/affirmative action employer. All qualified applicants will receive consideration for employment without regard to sex, gender identity, sexual orientation, race, color, religion, national origin, disability, protected Veteran status, age, or any other characteristic protected by law.",https://careers.amergis.com/job/883747-join-our-team-as-a-5th-grade-teacher-beloit-wisconsin/
School Aide,"New Castle, Delaware",Category: Education,,Contract - Full Time,,,Contract Duration: 36 Weeks,Work Setting: Schools,Est. Pay: $16 / Hour,,Posted Date: 7/1/2025,"The School Aide is an individual who works with studentsrequiring instructional, and/or behavioral assistance under the supervision ofthe special education department, teacher and/or supervising designee.  The School Aide may also provide supportservices to assist students with personal, physical mobility and therapeuticcare needs, as established by a rehabilitation health practitioner, socialworker or other health care professional. 
Minimum Requirements: 


High School diploma or equivalent required 
Comply with all relevant professional standards ofpractice  
Current CPR if applicable 
TB questionnaire, PPD or chest x-ray if applicable  
Current Health certificate (per contract or stateregulation)  
Must meet all federal, state and local requirements   
Must be at least 18 years of age  



Benefits
At Amergis, we firmly believe that our employees are the heartbeat of our organization and we are happy to offer the following benefits:


Competitive pay & weekly paychecks
Health, dental, vision, and life insurance
401(k) savings plan
Awards and recognition programs 

*Benefit eligibility is dependent on employment status. 
												
About Amergis
Amergis, formerly known as Maxim Healthcare Staffing, has served our clients and communities by connecting people to the work that matters since 1988. We provide meaningful opportunities to our extensive network of healthcare and school-based professionals, ready to work in any hospital, government facility, or school. Through partnership and innovation, Amergis creates unmatched staffing experiences to deliver the best workforce solutions.  
						
Amergis is an equal opportunity/affirmative action employer. All qualified applicants will receive consideration for employment without regard to sex, gender identity, sexual orientation, race, color, religion, national origin, disability, protected Veteran status, age, or any other characteristic protected by law.",https://careers.amergis.com/job/880532-school-aide-new-castle-delaware/
Hiring (BT) Behavioral Therapists & (IA) Instructional Aides $27/HR,"Orange, California",Category: Education,,Contract - Full Time,,,Contract Duration: 52 Weeks,Work Setting: Schools,Est. Pay: $25 / Hour,,Posted Date: 8/8/2025,"Amergis Healthcare Staffing is seeking full time Behavioral Technicians and Instructional Aides to assist students, either 1:1 or in a small group setting, in school classrooms during school hours for the 2025-2026 school year in the Orange County region.
The Behavior Technician Aide role entails supporting students who require behavioral support by utilizing ABA strategies to manage maladaptive behaviors and ensuring students are staying on track with their classwork and school activities. Must have minimum 6 months of Applied Behavior Analysis (ABA) experience.
The Instructional Aide role entails helping students focus in class, follow their schedule, accompany them on lunch or bathroom breaks, and providing toileting/diapering assistance. Must have experience working with kids in a personal/professional setting (ex: babysitting/nannying, daycare, afterschool program, etc.)
What We Offer:

Monday – Friday
Full Time Opportunities
Part Time Substitute Opportunities
Morning & Day shifts – 8:00am – 3:00pm
Competitive Pay Rate – $27 / Hour (Depending on experience and location)
Benefits – medical, dental & vision and Weekly pay!

Locations:


Tustin
Wesminster
Newport
Costa Mesa
Santa Ana
Mission Viejo
Orange
Anaheim
Garden Grove

Benefits


Competitive pay & weekly paychecks
Health, dental, vision, and life insurance
401(k) savings plan
Awards and recognition programs 

If you are interested in this position, please feel free to apply directly here or email me your resume at jamenese@amergis.com



Amergis Healthcare Staffing (formerly known as Amergis Healthcare Staffing) has been making a difference in the lives of our patients, caregivers, and employees for more than 30 years. Our nationwide suite of services includes home healthcare, companion and behavioral care, healthcare staffing, and workforce solutions. Amergis’s commitment to customer service, compassionate patient care, and filling critical staffing needs makes us a trusted partner wherever healthcare is needed. 

Amergis Healthcare Staffing is an equal opportunity/affirmative action employer. All qualified applicants will receive consideration for employment without regard to sex, gender identity, sexual orientation, race, color, religion, national origin, disability, protected Veteran status, age, or any other characteristic protected by law.



Benefits
At Amergis, we firmly believe that our employees are the heartbeat of our organization and we are happy to offer the following benefits:


Competitive pay & weekly paychecks
Health, dental, vision, and life insurance
401(k) savings plan
Awards and recognition programs 


*Benefit eligibility is dependent on employment status. 
Benefits
At Amergis, we firmly believe that our employees are the heartbeat of our organization and we are happy to offer the following benefits:


Competitive pay & weekly paychecks
Health, dental, vision, and life insurance
401(k) savings plan
Awards and recognition programs 

*Benefit eligibility is dependent on employment status. 
												
About Amergis
Amergis, formerly known as Maxim Healthcare Staffing, has served our clients and communities by connecting people to the work that matters since 1988. We provide meaningful opportunities to our extensive network of healthcare and school-based professionals, ready to work in any hospital, government facility, or school. Through partnership and innovation, Amergis creates unmatched staffing experiences to deliver the best workforce solutions.  
						
Amergis is an equal opportunity/affirmative action employer. All qualified applicants will receive consideration for employment without regard to sex, gender identity, sexual orientation, race, color, religion, national origin, disability, protected Veteran status, age, or any other characteristic protected by law.",https://careers.amergis.com/job/889432-hiring-bt-behavioral-therapists-ia-instructional-aides-27-hr-orange-california/
High School Science Teacher | $37/hr+,"Topeka, Kansas",Category: Education,,Contract - Full Time,,,Contract Duration: 36 Weeks,Work Setting: Schools,Est. Pay: $1295 / Week,,Posted Date: 7/15/2025,"The School Teacher implements the daily instructional plansof the classroom teacher in an effective manner.  The School Teacher maintains a classenvironment favorable to learning and personal growth and establishes effectiverapport with pupils while maintaining proper classroom management.  The School Teacher works effectively with thebuilding administrator and other teachers. 
Minimum Requirements:  


Bachelor’s Degree or higher required  
Teacher license/certification, as applicable by state orcontract/district  
One year of experience as a school teacher, preferred  
Willingness and ability to accept direct responsibility forsafety, wellbeing, or work output of other people  
Ability to read and implement instructional plans,correspond with parents and administration, and effectively present informationand respond to questions from administration, parent, students, staff members,and the general public as requested  
Ability to work with basic mathematical concepts  
Complies with all relevant professional standards ofpractice  
Current CPR if applicable 
TB questionnaire, PPD or chest x-ray if applicable  
Current Health certificate (per contract or stateregulation)  
Must meet all federal, state and local requirements  
Must be at least 18 years of age  



Benefits
At Amergis, we firmly believe that our employees are the heartbeat of our organization and we are happy to offer the following benefits:


Competitive pay & weekly paychecks
Health, dental, vision, and life insurance
401(k) savings plan
Awards and recognition programs 

*Benefit eligibility is dependent on employment status. 
												
About Amergis
Amergis, formerly known as Maxim Healthcare Staffing, has served our clients and communities by connecting people to the work that matters since 1988. We provide meaningful opportunities to our extensive network of healthcare and school-based professionals, ready to work in any hospital, government facility, or school. Through partnership and innovation, Amergis creates unmatched staffing experiences to deliver the best workforce solutions.  
						
Amergis is an equal opportunity/affirmative action employer. All qualified applicants will receive consideration for employment without regard to sex, gender identity, sexual orientation, race, color, religion, national origin, disability, protected Veteran status, age, or any other characteristic protected by law.",https://careers.amergis.com/job/883515-high-school-science-teacher-37-hr-topeka-kansas/
SPEDs Teacher Needed | Columbia Heights MN | 25-26 SY,"Columbia Heights, Minnesota",Category: Education,,Contract - Full Time,,,Contract Duration: 52 Weeks,Work Setting: Schools,Est. Pay: $1800 / Week,,Posted Date: 5/20/2025,"My organization, Amergis Staffing, issearching for SpecialEducation Teachers  to join ourteam of incredible professionals working in school systems within Columbia Heights MN!!
 
Here are thedetails for a great opportunity:
-Location: ColumbiaHeights MN
-Length: 25-26school year 
-Hours: 40hour work week
-Detail: 9/2start. Resource. Elementary. Tier 1-4. 
 
-Pay: $45/hour
 
If interested,please feel free to reply with your confirmed interest and I will reach out todiscuss the position further, address any questions or concerns, and we cantake the next steps. If not, that is okay too! I do staff nationwide and wouldbe happy to review other options that will fit you better! I look forward tohearing from you!
 
Qualifications

Bachelor’s Degree from accredited college or     university with an emphasis in appropriate field preferred. 
Transcripts Preferred. 
State Teacher Certification; Type: Standard     Elementary Teaching, Standard Secondary Teaching, and Standard     Special Teaching preferred. 
Endorsement: Learning Behavior Specialist (LBS1)     preferred. 
Full command, verbal and written, of the English     language. 
Current TB results and/or chest X-ray. 

 
Amergis offers the following benefits:

Medical, Dental,     Vision, and Life Insurance 
401k Program
Competitive     (weekly) Pay
Flexible     Scheduling 
Direct     Deposit 
Travel Benefits     (as applicable)
24 hour on-call     service  

Amergis is a leading provider of home healthcare,medical-related staffing, travel nursing, and population health and wellnessservices across the United States. As an established community partner, we havebeen making a difference in the lives of our employees, caregivers, andpatients for more than 25 years. 
Our commitment to customer service, improving patient care,and staffing experienced healthcare professionals has paved the way for manyrewarding career opportunities in the healthcare industry. 
Benefits
At Amergis, we firmly believe that our employees are the heartbeat of our organization and we are happy to offer the following benefits:


Competitive pay & weekly paychecks
Health, dental, vision, and life insurance
401(k) savings plan
Awards and recognition programs 

*Benefit eligibility is dependent on employment status. 
												
About Amergis
Amergis, formerly known as Maxim Healthcare Staffing, has served our clients and communities by connecting people to the work that matters since 1988. We provide meaningful opportunities to our extensive network of healthcare and school-based professionals, ready to work in any hospital, government facility, or school. Through partnership and innovation, Amergis creates unmatched staffing experiences to deliver the best workforce solutions.  
						
Amergis is an equal opportunity/affirmative action employer. All qualified applicants will receive consideration for employment without regard to sex, gender identity, sexual orientation, race, color, religion, national origin, disability, protected Veteran status, age, or any other characteristic protected by law.",https://careers.amergis.com/job/872131-speds-teacher-needed-columbia-heights-mn-25-26-sy-columbia-heights-minnesota/
Speech Language Pathologist - Schools,"Wilmington, Delaware",Category: Education,,Contract Duration: 36 Weeks,,,Contract Duration: 36 Weeks,Work Setting: Schools,Est. Pay: $2771 / Week,,Posted Date: 6/30/2025,"The Speech-Language Pathologist in the school setting isresponsible for performing student evaluations as well as providing anddocumenting therapy services in accordance with the plan of care developed foreach individual student and the physician’s orders. 
Minimum Requirements: 


Active  SpeechLanguage Pathologist (SLP) Licensure in the state of assignment required 
Certificate of Clinical Competence in Speech-LanguagePathology (CCC-SLP) preferred and may be required by state/contract.  
Complies with all relevant professional standards ofpractice  
Current CPR if applicable 
TB questionnaire, PPD or chest x-ray if applicable  
Current Health certificate (per contract or stateregulation)  
Must meet all federal, state and local requirements  
Must be at least 18 years of age  


To apply email yourresume to doschaib@amergis.com or call 813-371-5161
 



Benefits
At Amergis, we firmly believe that our employees are the heartbeat of our organization and we are happy to offer the following benefits:


Competitive pay & weekly paychecks
Health, dental, vision, and life insurance
401(k) savings plan
Awards and recognition programs 

*Benefit eligibility is dependent on employment status. 
												
About Amergis
Amergis, formerly known as Maxim Healthcare Staffing, has served our clients and communities by connecting people to the work that matters since 1988. We provide meaningful opportunities to our extensive network of healthcare and school-based professionals, ready to work in any hospital, government facility, or school. Through partnership and innovation, Amergis creates unmatched staffing experiences to deliver the best workforce solutions.  
						
Amergis is an equal opportunity/affirmative action employer. All qualified applicants will receive consideration for employment without regard to sex, gender identity, sexual orientation, race, color, religion, national origin, disability, protected Veteran status, age, or any other characteristic protected by law.",https://careers.amergis.com/job/880510-speech-language-pathologist-schools-wilmington-delaware/
School Psychologist - ST,"Hollister, California",Category: Education,,Contract Duration: 32 Weeks,,,Contract Duration: 32 Weeks,Work Setting: Schools,Est. Pay: $3411 / Week,,Posted Date: 2/14/2025,"This position is in Goleta, CA.
The School Psychologist works to support students through avariety of mental health and developmental issues and aid in qualifyingstudents for additional support services. The School Psychologist is responsible for providing on-sitepsychological services to students under the jurisdiction of the state anddistrict.  
Minimum Requirements: 


Must maintain current State licensures and/or certificationsin state of assignment  
Experience in pediatric and adolescent population ispreferred  
Master’s degree in psychology preferred 
Current CPR if applicable 
TB Questionnaire, PPD or chest x-ray if applicable  
Current Health certificate (per contract or stateregulation)  
Must meet all federal, state and local requirements 
Must be at least 18 years of age  
































Benefits
At Amergis, we firmly believe that our employees are the heartbeat of our organization and we are happy to offer the following benefits:


Competitive pay & weekly paychecks
Health, dental, vision, and life insurance
401(k) savings plan
Awards and recognition programs 

*Benefit eligibility is dependent on employment status. 
												
About Amergis
Amergis, formerly known as Maxim Healthcare Staffing, has served our clients and communities by connecting people to the work that matters since 1988. We provide meaningful opportunities to our extensive network of healthcare and school-based professionals, ready to work in any hospital, government facility, or school. Through partnership and innovation, Amergis creates unmatched staffing experiences to deliver the best workforce solutions.  
						
Amergis is an equal opportunity/affirmative action employer. All qualified applicants will receive consideration for employment without regard to sex, gender identity, sexual orientation, race, color, religion, national origin, disability, protected Veteran status, age, or any other characteristic protected by law.",https://careers.amergis.com/job/855379-school-psychologist-st-hollister-california/
School Aide,"Oceanside, California",Category: Education,,Contract - Part Time,,,Contract Duration: 20 Weeks,Work Setting: Schools,Est. Pay: $400 / Week,,Posted Date: 2/11/2025,"The School Aide is an individual who works with studentsrequiring instructional, and/or behavioral assistance under the supervision ofthe special education department and/or supervising designee.  The School Aide may also provide supportservices to assist students with personal, physical mobility and therapeuticcare needs, as established by a rehabilitation health practitioner, socialworker or other health care professional. 
Minimum Requirements:

Current CPR if applicable 
TB questionnaire, PPD or chest x-ray if applicable  
Current Health certificate (per contract or stateregulation)  
Must meet all federal, state and local requirements 
Must be at least 18 years of age  


Benefits
At Amergis, we firmly believe that our employees are the heartbeat of our organization and we are happy to offer the following benefits:


Competitive pay & weekly paychecks
Health, dental, vision, and life insurance
401(k) savings plan
Awards and recognition programs 

*Benefit eligibility is dependent on employment status. 
												
About Amergis
Amergis, formerly known as Maxim Healthcare Staffing, has served our clients and communities by connecting people to the work that matters since 1988. We provide meaningful opportunities to our extensive network of healthcare and school-based professionals, ready to work in any hospital, government facility, or school. Through partnership and innovation, Amergis creates unmatched staffing experiences to deliver the best workforce solutions.  
						
Amergis is an equal opportunity/affirmative action employer. All qualified applicants will receive consideration for employment without regard to sex, gender identity, sexual orientation, race, color, religion, national origin, disability, protected Veteran status, age, or any other characteristic protected by law.",https://careers.amergis.com/job/854642-school-aide-oceanside-california/
Clinical Fellow SLP Schools 25/26 School Year,"Blue Island, Illinois",Category: Education,,Contract - Full Time,,,Contract Duration: 39 Weeks,Work Setting: Schools,Est. Pay: $1462 / Week,,Posted Date: 6/19/2025,"The Clinical Fellow (CF) Speech Language Pathologist (SLP)assists the Senior SLP in providing speech and language services.  The Clinical Fellow Speech LanguagePathologist works in accordance with state and health regulations and Standardsof Practice of Speech Pathology.  The SLPClinical Fellow is considered a mentored clinical experience that begins afteracademic course work and clinical practicum. The Clinical Fellow Speech Language Pathologist must work under theclinical supervision and mentoring from an experienced client Speech LanguagePathologist. 
Minimum Requirements:


Must be a graduate of a SLP program with a bachelor’s orMaster’s degree in a speech-language pathology 
TB questionnaire, PPD or chest x-ray if applicable 
Must meet all federal, state and local requirements
Must be at least 18 years of age


2X – Intensive Communication Program – high needs students, nonverbal, AC devices
1x -Working with 2 Middle Schools, 4th/5th grade building
1x -Working with 1 Middle School, and 4th/5th grade
1xPreK 

Benefits
At Amergis, we firmly believe that our employees are the heartbeat of our organization and we are happy to offer the following benefits:


Competitive pay & weekly paychecks
Health, dental, vision, and life insurance
401(k) savings plan
Awards and recognition programs 

*Benefit eligibility is dependent on employment status. 
												
About Amergis
Amergis, formerly known as Maxim Healthcare Staffing, has served our clients and communities by connecting people to the work that matters since 1988. We provide meaningful opportunities to our extensive network of healthcare and school-based professionals, ready to work in any hospital, government facility, or school. Through partnership and innovation, Amergis creates unmatched staffing experiences to deliver the best workforce solutions.  
						
Amergis is an equal opportunity/affirmative action employer. All qualified applicants will receive consideration for employment without regard to sex, gender identity, sexual orientation, race, color, religion, national origin, disability, protected Veteran status, age, or any other characteristic protected by law.",https://careers.amergis.com/job/878196-clinical-fellow-slp-schools-25-26-school-year-blue-island-illinois/
School Psychologist,"Farmington, Utah",Category: Education,,Contract - Full Time,,,Contract Duration: 36 Weeks,Work Setting: Schools,Est. Pay: $2250 / Week,,Posted Date: 7/30/2025,"The School Psychologist works to support students through avariety of mental health and developmental issues and aids in qualifyingstudents for additional support services. The School Psychologist is responsible for providing on-sitepsychological services to students under the jurisdiction of the state anddistrict.  
Minimum Requirements: 


Must maintain current State licensures and/or certificationsin state of assignment  
Experience in pediatric and adolescent population ispreferred  
Master’s degree in psychology preferred  
Complies with all relevant professional standards ofpractice  
Current CPR if applicable 
TB questionnaire, PPD or chest x-ray if applicable  
Current Health certificate (per contract or stateregulation)  
Must meet all federal, state and local requirements  
Must be at least 18 years of age  

































Benefits
At Amergis, we firmly believe that our employees are the heartbeat of our organization and we are happy to offer the following benefits:


Competitive pay & weekly paychecks
Health, dental, vision, and life insurance
401(k) savings plan
Awards and recognition programs 

*Benefit eligibility is dependent on employment status. 
												
About Amergis
Amergis, formerly known as Maxim Healthcare Staffing, has served our clients and communities by connecting people to the work that matters since 1988. We provide meaningful opportunities to our extensive network of healthcare and school-based professionals, ready to work in any hospital, government facility, or school. Through partnership and innovation, Amergis creates unmatched staffing experiences to deliver the best workforce solutions.  
						
Amergis is an equal opportunity/affirmative action employer. All qualified applicants will receive consideration for employment without regard to sex, gender identity, sexual orientation, race, color, religion, national origin, disability, protected Veteran status, age, or any other characteristic protected by law.",https://careers.amergis.com/job/887069-school-psychologist-farmington-utah/
$50/hr SPED Teacher,"Getzville, New York",Category: Education,,Contract - Full Time,,,Contract Duration: 36 Weeks,Work Setting: Schools,Est. Pay: $50 / Hour,,Posted Date: 6/26/2025,"Looking for candidates more long term- NOT just for the summer session 
PLEASE make sure they have not work with or applied to the summit center previously

The Special Education Teacher, under the direction of the Special Education Program Administrator provides quality services to special education students, kindergarten through grade 12.  The Special Education Teacher has a commitment to team participation in planning and implementation of student programs including special instruction, tutorial assistance and consultation with general education staff.  
Minimum Requirements:  


Bachelor’s Degree from an accredited university preferred 
Valid state teaching certificate as required by state, contract/district regulations 
Minimum of one year experience in teaching environment preferred 
State Teacher Certification; Type: Standard Elementary Teaching preferred
State Teacher Certification; Type: Standard Secondary Teaching preferred
State Teacher Certification; Type: Standard Special Teaching preferred
Endorsement: Learning Behavior Specialist (LBS1) preferred
Current CPR if applicable 
TB Questionnaire, PPD or chest x-ray if applicable 
Current Health certificate (per contract or state regulation) 
Must meet all federal, state and local requirements 
Must be at least 18 years of age 



General Comments
Schedule: Monday–Friday, 8:00 AM – 3:30 PM
Summer Session: 6 weeks, with a 2-week breaks at the end of August
Description:We are seeking a dynamic and physically active Special Education Teacher to join our team at Summit Center. The ideal candidate will hold certification in either Elementary or Adolescent Education along with Students with Disabilities (SWD) certification.  There are also openings at Summit Academy for students aged 13-22.  Candidates actively working toward certification are also encouraged. This is a hands-on role requiring strong classroom management and engagement skills. SCIP training will be provided.

Benefits
At Amergis, we firmly believe that our employees are the heartbeat of our organization and we are happy to offer the following benefits:


Competitive pay & weekly paychecks
Health, dental, vision, and life insurance
401(k) savings plan
Awards and recognition programs 

*Benefit eligibility is dependent on employment status. 
												
About Amergis
Amergis, formerly known as Maxim Healthcare Staffing, has served our clients and communities by connecting people to the work that matters since 1988. We provide meaningful opportunities to our extensive network of healthcare and school-based professionals, ready to work in any hospital, government facility, or school. Through partnership and innovation, Amergis creates unmatched staffing experiences to deliver the best workforce solutions.  
						
Amergis is an equal opportunity/affirmative action employer. All qualified applicants will receive consideration for employment without regard to sex, gender identity, sexual orientation, race, color, religion, national origin, disability, protected Veteran status, age, or any other characteristic protected by law.",https://careers.amergis.com/job/879749-50-hr-sped-teacher-getzville-new-york/
Speech Language Pathologist - Schools,"Andover, Massachusetts",Category: Education,,Contract - Full Time,,,Contract Duration: 36 Weeks,Work Setting: Schools,Est. Pay: $2275 / Week,,Posted Date: 7/22/2025,"The Speech-Language Pathologist in the school setting isresponsible for performing student evaluations as well as providing anddocumenting therapy services in accordance with the plan of care developed foreach individual student and the physician’s orders. 
Must be license in MA
In-Person 
Looking for a SLP-CCC to work at the brand new Anderson School in Andover, MA – A small special education school for children ages 3-12 who have complex medical needs. The SLP is responsible for providing high quality speech, language and communication services 1:1 or in a group setting. 
Call or Text: 813-280-8809
Email: Jearisto@amergis.com

Minimum Requirements: 


Active  SpeechLanguage Pathologist (SLP) Licensure in the state of assignment required 
Certificate of Clinical Competence in Speech-LanguagePathology (CCC-SLP) preferred and may be required by state/contract.  
Complies with all relevant professional standards ofpractice  
Current CPR if applicable 
TB questionnaire, PPD or chest x-ray if applicable  
Current Health certificate (per contract or stateregulation)  
Must meet all federal, state and local requirements  
Must be at least 18 years of age  



Benefits
At Amergis, we firmly believe that our employees are the heartbeat of our organization and we are happy to offer the following benefits:


Competitive pay & weekly paychecks
Health, dental, vision, and life insurance
401(k) savings plan
Awards and recognition programs 

*Benefit eligibility is dependent on employment status. 
												
About Amergis
Amergis, formerly known as Maxim Healthcare Staffing, has served our clients and communities by connecting people to the work that matters since 1988. We provide meaningful opportunities to our extensive network of healthcare and school-based professionals, ready to work in any hospital, government facility, or school. Through partnership and innovation, Amergis creates unmatched staffing experiences to deliver the best workforce solutions.  
						
Amergis is an equal opportunity/affirmative action employer. All qualified applicants will receive consideration for employment without regard to sex, gender identity, sexual orientation, race, color, religion, national origin, disability, protected Veteran status, age, or any other characteristic protected by law.",https://careers.amergis.com/job/884966-speech-language-pathologist-schools-andover-massachusetts/
Occupational Therapist - School Setting in Haciend,"Hacienda la Puente, California",Category: Education,,Contract - Full Time,,,Contract Duration: 52 Weeks,Work Setting: Schools,Est. Pay: $2200 / Week,,Posted Date: 7/24/2025,"The Occupational Therapist (OT) is responsible forperforming student evaluations, developing and providing therapy services, anddocumenting services in accordance with the plan of care developed for eachstudent.    
Minimum Requirements: 


Current licensure as an Occupational Therapist in the Stateof practice  
One (1) year of prior professional Occupational Therapyexperience preferred 
Complies with all relevant professional standards ofpractice 
Current CPR if applicable 
TB questionnaire, PPD or chest x-ray if applicable  
Current Health certificate (per contract or stateregulation)  
Must meet all federal, state and local requirements  
Must be at least 18 years of age  


Hiring now for the 2025-2026 school year.
M-F – Full time position (travel option)
Competitive compensation – $52/hr – $62/hr+ (depending onexperience)
Benefits including 401k
For faster service, email: chmalone @ amergis .com





Benefits
At Amergis, we firmly believe that our employees are the heartbeat of our organization and we are happy to offer the following benefits:


Competitive pay & weekly paychecks
Health, dental, vision, and life insurance
401(k) savings plan
Awards and recognition programs 

*Benefit eligibility is dependent on employment status. 
												
About Amergis
Amergis, formerly known as Maxim Healthcare Staffing, has served our clients and communities by connecting people to the work that matters since 1988. We provide meaningful opportunities to our extensive network of healthcare and school-based professionals, ready to work in any hospital, government facility, or school. Through partnership and innovation, Amergis creates unmatched staffing experiences to deliver the best workforce solutions.  
						
Amergis is an equal opportunity/affirmative action employer. All qualified applicants will receive consideration for employment without regard to sex, gender identity, sexual orientation, race, color, religion, national origin, disability, protected Veteran status, age, or any other characteristic protected by law.",https://careers.amergis.com/job/885900-occupational-therapist-school-setting-in-haciend-hacienda-la-puente-california/
NOW HIRING - SIGN ON BONUS - Special Education Teachers M/M and M/S,"Vallejo, California",Category: Education,,Contract - Full Time,,,Contract Duration: 40 Weeks,Work Setting: Schools,Est. Pay: $2400 / Week,,Posted Date: 7/7/2025,"Mild / Mod and Mod / Severe Credentialed Special Education Teachers Needed!
Details:
Location – Vallejo, CA
Classroom Setting / Caseload / School Sites – To be discussed during the interview. We have 7 positions throughout the district. 
Salary – negotiable and based on experience! The range will be $50 – $70 / hr or $73,200 to $102,480 for the 25/26 school year.  Plus, ask about our sign on bonus that you can apply to classroom materials or for personal use. 
Be a DIFFERENCE-MAKER! Join a team of collaborative, supportive professionals who take pride in nurturing student success and well-being!
Local and travel candidates are welcome to apply.
If you are interested or would like further details please call, text, or email me directly as I would love to discuss how we can connect you to work that matters!

(813) 371-5170 or asshutz@amergis.com

The Special Education Teacher, under the direction of the Special Education Program Administrator provides quality services to special education students, kindergarten through grade 12.  The Special Education Teacher has a commitment to team participation in planning and implementation of student programs including special instruction, tutorial assistance and consultation with general education staff.   
Minimum Requirements:   


Bachelor’s Degree from an accredited university preferred  
Valid state teaching certificate as required by state, contract/district regulations  
Minimum of one year experience in teaching environment preferred  
State Teacher Certification; Type: Standard Elementary Teaching preferred 
State Teacher Certification; Type: Standard Secondary Teaching preferred 
State Teacher Certification; Type: Standard Special Teaching preferred 
Endorsement: Learning Behavior Specialist (LBS1) preferred 
Complies with all relevant professional standards of practice  
Current CPR if applicable  
TB questionnaire, PPD or chest x-ray if applicable  
Current Health certificate (per contract or state regulation)  
Must meet all federal, state and local requirements  
Must be at least 18 years of age  


Benefits
At Amergis, we firmly believe that our employees are the heartbeat of our organization and we are happy to offer the following benefits:


Competitive pay & weekly paychecks
Health, dental, vision, and life insurance
401(k) savings plan
Awards and recognition programs 

*Benefit eligibility is dependent on employment status. 
												
About Amergis
Amergis, formerly known as Maxim Healthcare Staffing, has served our clients and communities by connecting people to the work that matters since 1988. We provide meaningful opportunities to our extensive network of healthcare and school-based professionals, ready to work in any hospital, government facility, or school. Through partnership and innovation, Amergis creates unmatched staffing experiences to deliver the best workforce solutions.  
						
Amergis is an equal opportunity/affirmative action employer. All qualified applicants will receive consideration for employment without regard to sex, gender identity, sexual orientation, race, color, religion, national origin, disability, protected Veteran status, age, or any other characteristic protected by law.",https://careers.amergis.com/job/881601-now-hiring-sign-on-bonus-special-education-teachers-m-m-and-m-s-vallejo-california/
Behavior Technician - August Start Date,"Los Angeles, California",Category: Education,,Contract - Full Time,,,Contract Duration: 52 Weeks,Work Setting: Schools,Est. Pay: $23 / Hour,,Posted Date: 7/29/2025,"The Behavior Technician works to facilitate educational and behavioral services with children and adults with special needs and collaborates with school professionals and other behavioral specialists to achieve learning and behavioral goals and objectives.
Essential Duties and Responsibilities:


Follows instructions from the BCBA, teacher, and/or program supervisor
Implements behavior management techniques in the form of prevention, intervention, and consequence strategies
Provides crisis intervention
Reviews and implements behavior intervention plans
Reviews and performs tasks to behavioral and ABA goals found within an IEP at the direction of an instructor
Assists in facilitating academic instruction at the direction of an instructor
Assists in facilitating SLP, OT, and PT development plans
Documents session per policies and procedures
Collects behavioral and academic data accurately and efficiently
Strictly adheres to confidentiality requirements
Assists students in the development of independent daily living skills through self-care activities such as toileting, clothing routines, and personal hygiene
Supports students across environments (i.e. classroom, playground, lunch room, gym, sensory room, library, etc.)
Performs other duties as assigned/necessary

Minimum Requirements:


High School diploma or equivalent required
Two (2) years of pediatric experience preferred
Complies with all relevant professional standards of practice 
Participation and completion of Amergis’ Competency program when applicable
Current CPR if applicable
TB questionnaire, PPD or chest x-ray if applicable 
Current health certificate (per contract or state regulation) 
Must meet all federal, state and local requirements 
Successful completion of new hire training as applicable to job site                 
Understand patient confidentiality and HIPAA requirements  
Ability to effectively elicit/provide information to and from appropriate individuals (including, but not limited to, supervisors, co-workers, clients) via strong communication skills; proficiency in the English language is required  
Computer proficiency required 
Must be at least 18 years of age



Additional Information

Weekly Pay: Pay $20 – $25/ Hour
Monday-Friday
1:1 and classroom BT assignments 
Transportation required at some assignments




Benefits
At Amergis, we firmly believe that our employees are the heartbeat of our organization and we are happy to offer the following benefits:


Competitive pay & weekly paychecks
Health, dental, vision, and life insurance
401(k) savings plan
Awards and recognition programs 

*Benefit eligibility is dependent on employment status. 
												
About Amergis
Amergis, formerly known as Maxim Healthcare Staffing, has served our clients and communities by connecting people to the work that matters since 1988. We provide meaningful opportunities to our extensive network of healthcare and school-based professionals, ready to work in any hospital, government facility, or school. Through partnership and innovation, Amergis creates unmatched staffing experiences to deliver the best workforce solutions.  
						
Amergis is an equal opportunity/affirmative action employer. All qualified applicants will receive consideration for employment without regard to sex, gender identity, sexual orientation, race, color, religion, national origin, disability, protected Veteran status, age, or any other characteristic protected by law.",https://careers.amergis.com/job/886521-behavior-technician-august-start-date-los-angeles-california/
"Immediate Interviews. Special Education Teacher- San Jose, CA","San Jose, California",Category: Education,,Contract - Full Time,,,Contract Duration: 25 Weeks,Work Setting: Schools,Est. Pay: $2437 / Week,,Posted Date: 8/7/2025,"The Special Education Teacher, under the direction of theSpecial Education Program Administrator provides quality services to specialeducation students, kindergarten through grade 12.  The Special Education Teacher has acommitment to team participation in planning and implementation of studentprograms including special instruction, tutorial assistance and consultationwith general education staff.   
Minimum Requirements:  


Bachelor’s Degree from an accredited universitypreferred  
Valid state teaching certificate as required by state,contract/district regulations  
Minimum of one year experience in teaching environmentpreferred  
State Teacher Certification; Type: Standard ElementaryTeaching preferred 
State Teacher Certification; Type: Standard SecondaryTeaching preferred 
State Teacher Certification; Type: Standard Special Teachingpreferred 
Endorsement: Learning Behavior Specialist (LBS1) preferred 
Complies with all relevant professional standards ofpractice  
Current CPR if applicable 
TB questionnaire, PPD or chest x-ray if applicable  
Current Health certificate (per contract or stateregulation)  
Must meet all federal, state and local requirements  
Must be at least 18 years of age  


Benefits
At Amergis, we firmly believe that our employees are the heartbeat of our organization and we are happy to offer the following benefits:


Competitive pay & weekly paychecks
Health, dental, vision, and life insurance
401(k) savings plan
Awards and recognition programs 

*Benefit eligibility is dependent on employment status. 
												
About Amergis
Amergis, formerly known as Maxim Healthcare Staffing, has served our clients and communities by connecting people to the work that matters since 1988. We provide meaningful opportunities to our extensive network of healthcare and school-based professionals, ready to work in any hospital, government facility, or school. Through partnership and innovation, Amergis creates unmatched staffing experiences to deliver the best workforce solutions.  
						
Amergis is an equal opportunity/affirmative action employer. All qualified applicants will receive consideration for employment without regard to sex, gender identity, sexual orientation, race, color, religion, national origin, disability, protected Veteran status, age, or any other characteristic protected by law.",https://careers.amergis.com/job/888881-immediate-interviews-special-education-teacher-san-jose-ca-san-jose-california/
Special Education Teacher,"Kingston, New Hampshire",Category: Education,,Contract - Full Time,,,Contract Duration: 39 Weeks,Work Setting: Schools,Est. Pay: $2047 / Week,,Posted Date: 7/31/2025,"Amergis Educational Staffing is in need of a Special Education Teacher for the 25/26 school year! See details below: 

Position Summary:
Seeking a dedicated and compassionate Special Education Teacher to lead a semi-self-contained classroom for middle school students with diverse learning needs. The ideal candidate will provide individualized instruction, foster a supportive learning environment, and collaborate with general education staff to ensure student success across settings.
Key Responsibilities:

Develop and implement Individualized Education Programs (IEPs) tailored to each student’s academic, social, and emotional needs.
Deliver differentiated instruction in core subjects (e.g., ELA, Math, Science, Social Studies) within a semi-self-contained setting.
Collaborate with general education teachers to support inclusion opportunities and co-teaching models.
Utilize evidence-based instructional strategies and behavior management techniques.
Monitor and document student progress toward IEP goals and state standards.
Communicate regularly with families, related service providers, and support staff.
Create a structured, nurturing, and inclusive classroom environment that promotes independence and self-advocacy.
Participate in IEP meetings, parent conferences, and professional development activities.
Maintain compliance with IDEA, state regulations, and district policies.

Qualifications:

Bachelor’s or Master’s degree in Special Education or related field.
Valid New Hampshire teaching certification in Special Education (e.g., K–8 or 5–12).
Experience working with students with mild to moderate disabilities (e.g., learning disabilities, ADHD, autism spectrum disorders).
Strong understanding of differentiated instruction, behavioral supports, and assistive technology.
Excellent communication, collaboration, and organizational skills.

Hours: 
7:15-2:15 Monday-Friday

*In person only*


Benefits
At Amergis, we firmly believe that our employees are the heartbeat of our organization and we are happy to offer the following benefits:


Competitive pay & weekly paychecks
Health, dental, vision, and life insurance
401(k) savings plan
Awards and recognition programs 

*Benefit eligibility is dependent on employment status. 
												
About Amergis
Amergis, formerly known as Maxim Healthcare Staffing, has served our clients and communities by connecting people to the work that matters since 1988. We provide meaningful opportunities to our extensive network of healthcare and school-based professionals, ready to work in any hospital, government facility, or school. Through partnership and innovation, Amergis creates unmatched staffing experiences to deliver the best workforce solutions.  
						
Amergis is an equal opportunity/affirmative action employer. All qualified applicants will receive consideration for employment without regard to sex, gender identity, sexual orientation, race, color, religion, national origin, disability, protected Veteran status, age, or any other characteristic protected by law.",https://careers.amergis.com/job/887495-special-education-teacher-kingston-new-hampshire/
Special Education Teacher,"Simi Valley, California",Category: Education,,Contract Duration: 36 Weeks,,,Contract Duration: 36 Weeks,Work Setting: Schools,Est. Pay: $2645 / Week,,Posted Date: 7/8/2025,"Amergis Staffing is currentlyseeking ESN Special Education Teacher for the 2025/26  school year in the SimiValley, CA area.
 
Position Details: ESN
 
Schedule: Monday – Friday
Hours/Week: 40hours Weekly
Start Date: August 14th,  2025
Length: 2025/2026 School Year
Details: 
 
Feel free to contact me if youare interested. Email: Cebattle@amergis.comor Phone: (813) 462-3553
 
 
Amergis Advantages
Weekly pay through directdeposit
We have offices in most majorcities across the country
Premium pay rates with taxadvantage compensation
Health/Dental/Vision Insuranceavailable on 1st of month
Weekly pay through directdeposit
Fully furnished, private housingavailable (pets are welcomed)
Expense reimbursement for traveland state licensure available
Accessible via office phone,email, or text

Emergency, On-call line,available 24/7





The Special Education Teacher, under the direction of theSpecial Education Program Administrator provides quality services to specialeducation students, kindergarten through grade 12.  The Special Education Teacher has a commitmentto team participation in planning and implementation of student programsincluding special instruction, tutorial assistance and consultation withgeneral education staff.   
Minimum Requirements:  


Bachelor’s Degree from an accredited universitypreferred  
Valid state teaching certificate as required by state,contract/district regulations  
Minimum of one year experience in teaching environmentpreferred  
State Teacher Certification; Type: Standard ElementaryTeaching preferred 
State Teacher Certification; Type: Standard SecondaryTeaching preferred 
State Teacher Certification; Type: Standard Special Teachingpreferred 
Endorsement: Learning Behavior Specialist (LBS1) preferred
Current CPR if applicable 
TB Questionnaire, PPD or chest x-ray if applicable  
Current Health certificate (per contract or stateregulation)  
Must meet all federal, state and local requirements 
Must be at least 18 years of age 

Benefits
At Amergis, we firmly believe that our employees are the heartbeat of our organization and we are happy to offer the following benefits:


Competitive pay & weekly paychecks
Health, dental, vision, and life insurance
401(k) savings plan
Awards and recognition programs 

*Benefit eligibility is dependent on employment status. 
												
About Amergis
Amergis, formerly known as Maxim Healthcare Staffing, has served our clients and communities by connecting people to the work that matters since 1988. We provide meaningful opportunities to our extensive network of healthcare and school-based professionals, ready to work in any hospital, government facility, or school. Through partnership and innovation, Amergis creates unmatched staffing experiences to deliver the best workforce solutions.  
						
Amergis is an equal opportunity/affirmative action employer. All qualified applicants will receive consideration for employment without regard to sex, gender identity, sexual orientation, race, color, religion, national origin, disability, protected Veteran status, age, or any other characteristic protected by law.",https://careers.amergis.com/job/881928-special-education-teacher-simi-valley-california/
Special Education Teacher,"Santa Maria, California",Category: Education,,Contract Duration: 36 Weeks,,,Contract Duration: 36 Weeks,Work Setting: Schools,Est. Pay: $2829 / Week,,Posted Date: 7/14/2025,"Hello!  
? 
Amergis Staffing is currently seeking SpecialEducation Teachers for the 2025/2026 school year in 

Santa     Maria

 
***Not the job or location you are looking for? Wehave other jobs available! Email back with your resume and preferredlocation(s) for a personalized list of job optionsfor you!*** 
? 
Position Details:? 
? 
Travel Weekly Pay: $2,829/week (Outside 50miles) 
Local Pay: $60/hr
Start Date:?8/11/25
Hours Per Week: 37.5 hours (Full Time) 
Schedule:?Monday- Friday 
Length:?2025/2026School Year 
 
Additional Details:?Weeklypay, Benefits – Medical/Dental/Vision 
? 
? 
Amergis Advantages 
We have offices in most major cities across thecountry 
Health/Dental/Vision Insurance available on 1st?of month 
WEEKLY pay through direct deposit 
Expense reimbursement for certifications and statelicenses  

Accessible via office phone, email, or text 


The Special Education Teacher, under the direction of theSpecial Education Program Administrator provides quality services to specialeducation students, kindergarten through grade 12.  The Special Education Teacher has acommitment to team participation in planning and implementation of studentprograms including special instruction, tutorial assistance and consultationwith general education staff.   
Minimum Requirements:  


Bachelor’s Degree from an accredited universitypreferred  
Valid state teaching certificate as required by state,contract/district regulations  
Minimum of one year experience in teaching environmentpreferred  
State Teacher Certification; Type: Standard ElementaryTeaching preferred 
State Teacher Certification; Type: Standard SecondaryTeaching preferred 
State Teacher Certification; Type: Standard Special Teachingpreferred 
Endorsement: Learning Behavior Specialist (LBS1) preferred 
Complies with all relevant professional standards ofpractice  
Current CPR if applicable 
TB questionnaire, PPD or chest x-ray if applicable  
Current Health certificate (per contract or stateregulation)  
Must meet all federal, state and local requirements  
Must be at least 18 years of age  


Benefits
At Amergis, we firmly believe that our employees are the heartbeat of our organization and we are happy to offer the following benefits:


Competitive pay & weekly paychecks
Health, dental, vision, and life insurance
401(k) savings plan
Awards and recognition programs 

*Benefit eligibility is dependent on employment status. 
												
About Amergis
Amergis, formerly known as Maxim Healthcare Staffing, has served our clients and communities by connecting people to the work that matters since 1988. We provide meaningful opportunities to our extensive network of healthcare and school-based professionals, ready to work in any hospital, government facility, or school. Through partnership and innovation, Amergis creates unmatched staffing experiences to deliver the best workforce solutions.  
						
Amergis is an equal opportunity/affirmative action employer. All qualified applicants will receive consideration for employment without regard to sex, gender identity, sexual orientation, race, color, religion, national origin, disability, protected Veteran status, age, or any other characteristic protected by law.",https://careers.amergis.com/job/883153-special-education-teacher-santa-maria-california/
Speech Language Pathologist 25/26 School Year,"Oklahoma City, Oklahoma",Category: Education,,Contract - Full Time,,,Contract Duration: 40 Weeks,Work Setting: Schools,Est. Pay: $2072 / Week,,Posted Date: 5/12/2025,"The Speech-Language Pathologist in the school setting isresponsible for performing student evaluations as well as providing anddocumenting therapy services in accordance with the plan of care developed foreach individual student and the physician’s orders. 
Minimum Requirements:


Active Speech Language Pathologist (SLP) Licensure in thestate of assignment required 
Certificate of Clinical Competence in Speech-LanguagePathology (CCC-SLP) preferred and may be required by state/contract. 
Current CPR if applicable 
TB questionnaire, PPD or chest x-ray if applicable  
Current Health certificate (per contract or stateregulation)  
Must meet all federal, state and local requirements 
Must be at least 18 years of age
Knowledge of speech/languageneeds of individuals from 3 – 21 years of age.   


Benefits
At Amergis, we firmly believe that our employees are the heartbeat of our organization and we are happy to offer the following benefits:


Competitive pay & weekly paychecks
Health, dental, vision, and life insurance
401(k) savings plan
Awards and recognition programs 

*Benefit eligibility is dependent on employment status. 
												
About Amergis
Amergis, formerly known as Maxim Healthcare Staffing, has served our clients and communities by connecting people to the work that matters since 1988. We provide meaningful opportunities to our extensive network of healthcare and school-based professionals, ready to work in any hospital, government facility, or school. Through partnership and innovation, Amergis creates unmatched staffing experiences to deliver the best workforce solutions.  
						
Amergis is an equal opportunity/affirmative action employer. All qualified applicants will receive consideration for employment without regard to sex, gender identity, sexual orientation, race, color, religion, national origin, disability, protected Veteran status, age, or any other characteristic protected by law.",https://careers.amergis.com/job/870581-speech-language-pathologist-25-26-school-year-oklahoma-city-oklahoma/
School Psychologist,"Providence, Rhode Island",Category: Education,,Contract - Full Time,,,Contract Duration: 29 Weeks,Work Setting: Schools,Est. Pay: $2450 / Week,,Posted Date: 8/1/2025,"The School Psychologist works to support students through avariety of mental health and developmental issues and aids in qualifyingstudents for additional support services. The School Psychologist is responsible for providing on-sitepsychological services to students under the jurisdiction of the state anddistrict.  
Must be license in RI
Call or Text: 813-280-8809
Email: Jearisti@amergis.com
Minimum Requirements: 


Must maintain current State licensures and/or certificationsin state of assignment  
Experience in pediatric and adolescent population ispreferred  
Master’s degree in psychology preferred  
Complies with all relevant professional standards ofpractice  
Current CPR if applicable 
TB questionnaire, PPD or chest x-ray if applicable  
Current Health certificate (per contract or stateregulation)  
Must meet all federal, state and local requirements  
Must be at least 18 years of age  

































Benefits
At Amergis, we firmly believe that our employees are the heartbeat of our organization and we are happy to offer the following benefits:


Competitive pay & weekly paychecks
Health, dental, vision, and life insurance
401(k) savings plan
Awards and recognition programs 

*Benefit eligibility is dependent on employment status. 
												
About Amergis
Amergis, formerly known as Maxim Healthcare Staffing, has served our clients and communities by connecting people to the work that matters since 1988. We provide meaningful opportunities to our extensive network of healthcare and school-based professionals, ready to work in any hospital, government facility, or school. Through partnership and innovation, Amergis creates unmatched staffing experiences to deliver the best workforce solutions.  
						
Amergis is an equal opportunity/affirmative action employer. All qualified applicants will receive consideration for employment without regard to sex, gender identity, sexual orientation, race, color, religion, national origin, disability, protected Veteran status, age, or any other characteristic protected by law.",https://careers.amergis.com/job/887752-school-psychologist-providence-rhode-island/
HIRING - School Behavioral Classroom Aide,"Bellflower, California",Category: Education,,Contract - Full Time,,,Contract Duration: 36 Weeks,Work Setting: Schools,Est. Pay: $19 / Hour,,Posted Date: 7/31/2025,"?? Amergis Is Hiring School Behavioral Technicians for the 2025–2026 School Year! ??

ABA Experience Required | IEP Knowledge Preferred
?? Locations: Bellflower, Compton, Los Angeles & Nearby Communities?? Pay Range: $21–$25/hr (DOE)?? Schedule: Full-Time & Part-Time Available

?? Make a Difference Where It Matters Most—In the Classroom!

Are you ready to bring your passion for behavioral support into schools and help students thrive? Amergis Educational Staffing is looking for Behavioral Technicians with ABA experience and a strong understanding of IEPs to join our team across the Greater LA area. You’ll be the calm in the chaos, the guide in the growth, and the support students need to succeed.

?? What You’ll Be Doing:


Follow the lead of BCBAs, teachers, and program supervisors
Use ABA strategies to manage behaviors and support learning
Implement IEP goals and behavior intervention plans
Assist with academic instruction and therapy sessions (SLP, OT, PT)
Support students in various school settings—classroom, playground, sensory room, and more
Help students build independence in daily living skills
Document sessions and collect behavioral data
Maintain confidentiality and follow HIPAA guidelines


? What You’ll Need:


High school diploma or equivalent (required)
ABA experience (required)
IEP experience (strongly preferred)
Pediatric experience (2+ years preferred)
CPR certification, TB clearance, and health certificate (as applicable)
Must be at least 18 years old
Strong communication skills and computer proficiency
Completion of Amergis Competency Program and new hire training


?? Why Amergis?


Competitive weekly pay
Full benefits: medical, dental, vision, 401(k)
Flexible scheduling options
Supportive staffing team
Opportunities for growth in educational and behavioral health settings


?? Apply Today – Let’s Make This School Year Count!

If you’re ready to make a meaningful impact and grow your career, click “Apply Now” and join the Amergis team serving Bellflower, Compton, Los Angeles, and beyond!


Benefits
At Amergis, we firmly believe that our employees are the heartbeat of our organization and we are happy to offer the following benefits:


Competitive pay & weekly paychecks
Health, dental, vision, and life insurance
401(k) savings plan
Awards and recognition programs 

*Benefit eligibility is dependent on employment status. 
												
About Amergis
Amergis, formerly known as Maxim Healthcare Staffing, has served our clients and communities by connecting people to the work that matters since 1988. We provide meaningful opportunities to our extensive network of healthcare and school-based professionals, ready to work in any hospital, government facility, or school. Through partnership and innovation, Amergis creates unmatched staffing experiences to deliver the best workforce solutions.  
						
Amergis is an equal opportunity/affirmative action employer. All qualified applicants will receive consideration for employment without regard to sex, gender identity, sexual orientation, race, color, religion, national origin, disability, protected Veteran status, age, or any other characteristic protected by law.",https://careers.amergis.com/job/887514-hiring-school-behavioral-classroom-aide-bellflower-california/
Special Education Teacher - $40/hr - Start. Augus,"Kansas City, Missouri",Category: Education,,Contract - Full Time,,,Contract Duration: 36 Weeks,Work Setting: Schools,Est. Pay: $40 / Hour,,Posted Date: 8/7/2025,"The Special Education Teacher, under the direction of theSpecial Education Program Administrator provides quality services to specialeducation students, kindergarten through grade 12.  The Special Education Teacher has acommitment to team participation in planning and implementation of studentprograms including special instruction, tutorial assistance and consultationwith general education staff.   
Minimum Requirements:  


Bachelor’s Degree from an accredited universitypreferred  
Valid state teaching certificate as required by state,contract/district regulations  
Minimum of one year experience in teaching environmentpreferred  
State Teacher Certification; Type: Standard ElementaryTeaching preferred 
State Teacher Certification; Type: Standard SecondaryTeaching preferred 
State Teacher Certification; Type: Standard Special Teachingpreferred 
Endorsement: Learning Behavior Specialist (LBS1) preferred 
Complies with all relevant professional standards ofpractice  
Current CPR if applicable 
TB questionnaire, PPD or chest x-ray if applicable  
Current Health certificate (per contract or stateregulation)  
Must meet all federal, state and local requirements  
Must be at least 18 years of age  






Modality:  


Special Education Teacher 




Grade Level & Classroom Type (General, Inclusion, Self Contained, etc.)


 Middle school- 5-8




Caseload Details:


  10 students on caseload 




Classroom Support:


 Will have para support 




Day to Day Duties:


 SPED teacher duties, will write IEPs, work with some behavioral issues, push in classroom, will provide and help design courses for ELA and math. help them focus on specific goals 

2 needs for ELA.1 will teacher 5-6 and the other will teach 7-8. 
1 need for math sped grades 5-8 and will help individualize criteria for each grade level




Group or 1:1 support (Paras, BTs, Nurses):


 support of para




Start & End Date:

25-26 SY 




Please feel free to email me at kaabitab@amergis.com 


Benefits
At Amergis, we firmly believe that our employees are the heartbeat of our organization and we are happy to offer the following benefits:


Competitive pay & weekly paychecks
Health, dental, vision, and life insurance
401(k) savings plan
Awards and recognition programs 

*Benefit eligibility is dependent on employment status. 
												
About Amergis
Amergis, formerly known as Maxim Healthcare Staffing, has served our clients and communities by connecting people to the work that matters since 1988. We provide meaningful opportunities to our extensive network of healthcare and school-based professionals, ready to work in any hospital, government facility, or school. Through partnership and innovation, Amergis creates unmatched staffing experiences to deliver the best workforce solutions.  
						
Amergis is an equal opportunity/affirmative action employer. All qualified applicants will receive consideration for employment without regard to sex, gender identity, sexual orientation, race, color, religion, national origin, disability, protected Veteran status, age, or any other characteristic protected by law.",https://careers.amergis.com/job/889031-special-education-teacher-40-hr-start-augus-kansas-city-missouri/
Special Education Teacher - Sarasota - 2025-2026 School Year,"Tampa Bay, Florida",Category: Education,,Contract - Full Time,,,Contract Duration: 39 Weeks,Work Setting: Schools,Est. Pay: $47 / Hour,,Posted Date: 4/28/2025,"ESE Teachers Needed in Sarasota for 2025-2026 School Year
*SOE FL ESE k-12 cert; Teaching Experience*
The Special Education Teacher, under the direction of theSpecial Education Program Administrator provides quality services to specialeducation students, kindergarten through grade 12.  The Special Education Teacher has a commitmentto team participation in planning and implementation of student programsincluding special instruction, tutorial assistance and consultation withgeneral education staff.   
Minimum Requirements:  


Bachelor’s Degree from an accredited universitypreferred  
Valid state teaching certificate as required by state,contract/district regulations  
Minimum of one year experience in teaching environmentpreferred  
State Teacher Certification; Type: Standard ElementaryTeaching preferred 
State Teacher Certification; Type: Standard SecondaryTeaching preferred 
State Teacher Certification; Type: Standard Special Teachingpreferred 
Endorsement: Learning Behavior Specialist (LBS1) preferred
Current CPR if applicable 
TB Questionnaire, PPD or chest x-ray if applicable  
Current Health certificate (per contract or stateregulation)  
Must meet all federal, state and local requirements 
Must be at least 18 years of age 

Benefits
At Amergis, we firmly believe that our employees are the heartbeat of our organization and we are happy to offer the following benefits:


Competitive pay & weekly paychecks
Health, dental, vision, and life insurance
401(k) savings plan
Awards and recognition programs 

*Benefit eligibility is dependent on employment status. 
												
About Amergis
Amergis, formerly known as Maxim Healthcare Staffing, has served our clients and communities by connecting people to the work that matters since 1988. We provide meaningful opportunities to our extensive network of healthcare and school-based professionals, ready to work in any hospital, government facility, or school. Through partnership and innovation, Amergis creates unmatched staffing experiences to deliver the best workforce solutions.  
						
Amergis is an equal opportunity/affirmative action employer. All qualified applicants will receive consideration for employment without regard to sex, gender identity, sexual orientation, race, color, religion, national origin, disability, protected Veteran status, age, or any other characteristic protected by law.",https://careers.amergis.com/job/867822-special-education-teacher-sarasota-2025-2026-school-year-tampa-bay-florida/
25/26 School Year Healthroom RN,"Bremerton, Washington",Category: Education,,Contract - Full Time,,,Contract Duration: 36 Weeks,Work Setting: Schools,Est. Pay: $1560 / Week,,Posted Date: 7/2/2025,"The School Nurse assumes responsibility and accountability for the application of the nursing process and the delivery of student/client care and/or contracted services in a school setting. The School Nurse may also be in a supervisory position within the contracted services. The School Nurse provides services in accordance with Amergis Healthcare’s philosophy, standards, policies and physician orders.
 Minimum Requirements:


Graduate of an accredited registered, practical or vocational nursing program
Licensed as a Licensed Practical, Licensed Vocational or Registered Nurse in state(s) where practicing
One year of professional experience, preferred
Current CPR
PPD or chest x-ray if applicable
Current Health certificate (per contract or state regulation)
Must meet all federal, state and local requirements
Must be at least 18 years of age 

Benefits
At Amergis, we firmly believe that our employees are the heartbeat of our organization and we are happy to offer the following benefits:


Competitive pay & weekly paychecks
Health, dental, vision, and life insurance
401(k) savings plan
Awards and recognition programs 

*Benefit eligibility is dependent on employment status. 
												
About Amergis
Amergis, formerly known as Maxim Healthcare Staffing, has served our clients and communities by connecting people to the work that matters since 1988. We provide meaningful opportunities to our extensive network of healthcare and school-based professionals, ready to work in any hospital, government facility, or school. Through partnership and innovation, Amergis creates unmatched staffing experiences to deliver the best workforce solutions.  
						
Amergis is an equal opportunity/affirmative action employer. All qualified applicants will receive consideration for employment without regard to sex, gender identity, sexual orientation, race, color, religion, national origin, disability, protected Veteran status, age, or any other characteristic protected by law.",https://careers.amergis.com/job/881067-25-26-school-year-healthroom-rn-bremerton-washington/
LPN/LVN School 1.1,"Spring Grove, Pennsylvania",Category: Education,,Contract - Full Time,,,Contract Duration: 44 Weeks,Work Setting: Schools,Est. Pay: $1050 / Week,,Posted Date: 7/12/2025,"The 1:1 School LPN/LVN is responsible for identifying andaddressing health concerns in students within the school setting. This roleincludes promoting general wellness, providing health education, and supportingdisease prevention efforts. The School LPN/LVN monitors the student’s physicalcondition throughout the school day and refers to appropriate healthcareresources when necessary. All care is delivered in accordance with the SchoolLPN/LVN scope of practice and in compliance with applicable state educationcodes. 
Minimum Requirements: 


Complies with all relevant professional standards ofpractice 
Current LPN/LVN license in the state which services arebeing provided 
One year of school nurse experience, preferred 
One-year pediatric experience, pre  
Current CPR if applicable 
TB questionnaire, PPD or chest x-ray if applicable 
Current Health certificate (per contract or stateregulation) 
Must meet all federal, state and local requirements 
Must be at least 18 years of age  


Benefits
At Amergis, we firmly believe that our employees are the heartbeat of our organization and we are happy to offer the following benefits:


Competitive pay & weekly paychecks
Health, dental, vision, and life insurance
401(k) savings plan
Awards and recognition programs 

*Benefit eligibility is dependent on employment status. 
												
About Amergis
Amergis, formerly known as Maxim Healthcare Staffing, has served our clients and communities by connecting people to the work that matters since 1988. We provide meaningful opportunities to our extensive network of healthcare and school-based professionals, ready to work in any hospital, government facility, or school. Through partnership and innovation, Amergis creates unmatched staffing experiences to deliver the best workforce solutions.  
						
Amergis is an equal opportunity/affirmative action employer. All qualified applicants will receive consideration for employment without regard to sex, gender identity, sexual orientation, race, color, religion, national origin, disability, protected Veteran status, age, or any other characteristic protected by law.",https://careers.amergis.com/job/883033-lpn-lvn-school-1-1-spring-grove-pennsylvania/
"Special Education Teacher-Early Childhood - Pay $60/Hr.- Richton Park, IL","Richton Park, Illinois",Category: Education,,Contract - Part Time,,,Contract Duration: 39 Weeks,Work Setting: Schools,Est. Pay: $1920 / Week,,Posted Date: 5/21/2025,"Modality:


LBS1 + Early Childhood Endorsement (Required) 




Grade Level:


Ages 3-5




Classroom Details:


Classroom is typically 4-6 students (never more than 10) and at least two paras in the classroom




Start/End Date:


25-26 School Year




Start/End Time:


AM and PM Sessions with a 40 min lunch and a 40 min plan between sessions.  
AM Class: 7:15am-10:15am 
Lunch/Plan 
PM Class: 11:45am-2:25pm






32 Hours per week.





The Special Education Teacher, under the direction of the Special Education Program Administrator provides quality services to special education students, kindergarten through grade 12.  The Special Education Teacher has a commitment to team participation in planning and implementation of student programs including special instruction, tutorial assistance and consultation with general education staff.   
Minimum Requirements:  


Bachelor’s Degree from an accredited university preferred  
Valid state teaching certificate as required by state, contract/district regulations  
Minimum of one year experience in teaching environment preferred  
State Teacher Certification; Type: Standard Elementary Teaching preferred 
State Teacher Certification; Type: Standard Secondary Teaching preferred 
State Teacher Certification; Type: Standard Special Teaching preferred 
Endorsement: Learning Behavior Specialist (LBS1) preferred
Current CPR if applicable  
TB Questionnaire, PPD or chest x-ray if applicable  
Current Health certificate (per contract or state regulation)  
Must meet all federal, state and local requirements 
Must be at least 18 years of age 

Benefits
At Amergis, we firmly believe that our employees are the heartbeat of our organization and we are happy to offer the following benefits:


Competitive pay & weekly paychecks
Health, dental, vision, and life insurance
401(k) savings plan
Awards and recognition programs 

*Benefit eligibility is dependent on employment status. 
												
About Amergis
Amergis, formerly known as Maxim Healthcare Staffing, has served our clients and communities by connecting people to the work that matters since 1988. We provide meaningful opportunities to our extensive network of healthcare and school-based professionals, ready to work in any hospital, government facility, or school. Through partnership and innovation, Amergis creates unmatched staffing experiences to deliver the best workforce solutions.  
						
Amergis is an equal opportunity/affirmative action employer. All qualified applicants will receive consideration for employment without regard to sex, gender identity, sexual orientation, race, color, religion, national origin, disability, protected Veteran status, age, or any other characteristic protected by law.",https://careers.amergis.com/job/872350-special-education-teacher-early-childhood-pay-60-hr-richton-park-il-richton-park-illinois/
25/26 Special Education Teacher,"Pulaski, Tennessee",Category: Education,,Contract - Full Time,,,Contract Duration: 36 Weeks,Work Setting: Schools,Est. Pay: $43 / Hour,,Posted Date: 8/11/2025,"The Special Education Teacher, under the direction of theSpecial Education Program Administrator provides quality services to specialeducation students, kindergarten through grade 12.  The Special Education Teacher has acommitment to team participation in planning and implementation of studentprograms including special instruction, tutorial assistance and consultationwith general education staff.   
Minimum Requirements:  


Bachelor’s Degree from an accredited universitypreferred  
Valid state teaching certificate as required by state,contract/district regulations  
Minimum of one year experience in teaching environmentpreferred  
State Teacher Certification; Type: Standard ElementaryTeaching preferred 
State Teacher Certification; Type: Standard SecondaryTeaching preferred 
State Teacher Certification; Type: Standard Special Teachingpreferred 
Endorsement: Learning Behavior Specialist (LBS1) preferred 
Complies with all relevant professional standards ofpractice  
Current CPR if applicable 
TB questionnaire, PPD or chest x-ray if applicable  
Current Health certificate (per contract or stateregulation)  
Must meet all federal, state and local requirements  
Must be at least 18 years of age  



?? Why Choose Amergis Educational Staffing? ??
 
At Amergis, we believe your career should be more thanjust a job—it should be a purpose-driven journey. Whether you’re activelysearching or just exploring your options, we’re here to support you every stepof the way.
 
? What Sets Us Apart?
? Starting Pay of $6,540, we pay weekly!
? A nationwide network of 100+ dedicated teams connecting you withmeaningful opportunities
? Personalized recruiter support that puts your goals first
? A mission-driven culture focused on empowering educators andtransforming student lives
? Flexible roles to match your lifestyle—in-person, virtual, travel,and more
? Competitive pay
? Weekly pay to keep your finances on track
 
We’re not just an education staffing agency—we’re yourcareer partner in making a real impact in classrooms and communities across thecountry.
 
?? Ready to make a difference? Let’s talk!
?? Apply now
?? Call us at (813) 261-4378
?? Email: chbell@amergis.com




Benefits
At Amergis, we firmly believe that our employees are the heartbeat of our organization and we are happy to offer the following benefits:


Competitive pay & weekly paychecks
Health, dental, vision, and life insurance
401(k) savings plan
Awards and recognition programs 

*Benefit eligibility is dependent on employment status. 
												
About Amergis
Amergis, formerly known as Maxim Healthcare Staffing, has served our clients and communities by connecting people to the work that matters since 1988. We provide meaningful opportunities to our extensive network of healthcare and school-based professionals, ready to work in any hospital, government facility, or school. Through partnership and innovation, Amergis creates unmatched staffing experiences to deliver the best workforce solutions.  
						
Amergis is an equal opportunity/affirmative action employer. All qualified applicants will receive consideration for employment without regard to sex, gender identity, sexual orientation, race, color, religion, national origin, disability, protected Veteran status, age, or any other characteristic protected by law.",https://careers.amergis.com/job/889612-25-26-special-education-teacher-pulaski-tennessee/
ABA Special Education Teacher,"Fall River, Massachusetts",Category: Education,,Contract - Full Time,,,Contract Duration: 30 Weeks,Work Setting: Schools,Est. Pay: $1400 / Week,,Posted Date: 7/17/2025,"Amergis Educational Staffing is partnered with a school in Fall River, MA to hire a Special Education Teacher to work with students on a contractual basis.
 
Details of the Position Include:
Location: Fall River, MA
Duration: 2025-2026 School Year
Start Date: Fall 2025
Grade Levels: Elementary 
Schedule: Monday-Friday 8:30am-3:00pm
Requirements: Active MA Special Education DESE License, ABA Experience  
Pay Rate: Up to $65/hour 
 

Please feel free to contact me with any questions you may have regarding this position. Thank you!
Elizabeth Meehan (She/Her) / Educational & Healthcare Recruiter
Amergis Educational Staffing

elmeehan@amergis.comOffice: (781) 657-1825 / Fax: (866) 941-7397
110 2nd Avenue, Needham, MA 02494   
Minimum Requirements:  


Bachelor’s Degree from an accredited university preferred  
Valid state teaching certificate as required by state, contract/district regulations  
Minimum of one year experience in teaching environment preferred  
State Teacher Certification; Type: Standard Elementary Teaching preferred 
State Teacher Certification; Type: Standard Secondary Teaching preferred 
State Teacher Certification; Type: Standard Special Teaching preferred 
Endorsement: Learning Behavior Specialist (LBS1) preferred
Current CPR if applicable  
TB Questionnaire, PPD or chest x-ray if applicable  
Current Health certificate (per contract or state regulation)  
Must meet all federal, state and local requirements 
Must be at least 18 years of age 

Benefits
At Amergis, we firmly believe that our employees are the heartbeat of our organization and we are happy to offer the following benefits:


Competitive pay & weekly paychecks
Health, dental, vision, and life insurance
401(k) savings plan
Awards and recognition programs 

*Benefit eligibility is dependent on employment status. 
												
About Amergis
Amergis, formerly known as Maxim Healthcare Staffing, has served our clients and communities by connecting people to the work that matters since 1988. We provide meaningful opportunities to our extensive network of healthcare and school-based professionals, ready to work in any hospital, government facility, or school. Through partnership and innovation, Amergis creates unmatched staffing experiences to deliver the best workforce solutions.  
						
Amergis is an equal opportunity/affirmative action employer. All qualified applicants will receive consideration for employment without regard to sex, gender identity, sexual orientation, race, color, religion, national origin, disability, protected Veteran status, age, or any other characteristic protected by law.",https://careers.amergis.com/job/884348-aba-special-education-teacher-fall-river-massachusetts/
Special Education Teacher - Alhambra Area Schools,"Alhamdra, California",Category: Education,,Contract - Full Time,,,Contract Duration: 52 Weeks,Work Setting: Schools,Est. Pay: $1800 / Week,,Posted Date: 7/17/2025,"The Special Education Teacher, under the direction of theSpecial Education Program Administrator provides quality services to specialeducation students, kindergarten through grade 12.  The Special Education Teacher has acommitment to team participation in planning and implementation of studentprograms including special instruction, tutorial assistance and consultationwith general education staff.   
Minimum Requirements:  


Bachelor’s Degree from an accredited universitypreferred  
Valid state teaching certificate as required by state,contract/district regulations  
Minimum of one year experience in teaching environmentpreferred  
State Teacher Certification; Type: Standard ElementaryTeaching preferred 
State Teacher Certification; Type: Standard SecondaryTeaching preferred 
State Teacher Certification; Type: Standard Special Teachingpreferred 
Endorsement: Learning Behavior Specialist (LBS1) preferred 
Complies with all relevant professional standards ofpractice  
Current CPR if applicable 
TB questionnaire, PPD or chest x-ray if applicable  
Current Health certificate (per contract or stateregulation)  
Must meet all federal, state and local requirements  
Must be at least 18 years of age  


·        Hiring now for the 2025-2026 school year.
·        M-F – Full time position (travel option)
·        Competitive compensation – $45 – $50+ (depending onexperience)
·        Benefits including health, dental & vision insurance,401k & more
·        For faster service, email: chmalone @ amergis .com


Benefits
At Amergis, we firmly believe that our employees are the heartbeat of our organization and we are happy to offer the following benefits:


Competitive pay & weekly paychecks
Health, dental, vision, and life insurance
401(k) savings plan
Awards and recognition programs 

*Benefit eligibility is dependent on employment status. 
												
About Amergis
Amergis, formerly known as Maxim Healthcare Staffing, has served our clients and communities by connecting people to the work that matters since 1988. We provide meaningful opportunities to our extensive network of healthcare and school-based professionals, ready to work in any hospital, government facility, or school. Through partnership and innovation, Amergis creates unmatched staffing experiences to deliver the best workforce solutions.  
						
Amergis is an equal opportunity/affirmative action employer. All qualified applicants will receive consideration for employment without regard to sex, gender identity, sexual orientation, race, color, religion, national origin, disability, protected Veteran status, age, or any other characteristic protected by law.",https://careers.amergis.com/job/884110-special-education-teacher-alhambra-area-schools-alhamdra-california/
Special Education Teacher M-F $50/hr!!!,"Getzville, New York",Category: Education,,Contract - Full Time,,,Contract Duration: 13 Weeks,Work Setting: Schools,Est. Pay: $45 / Hour,,Posted Date: 7/18/2025,"The Special Education Teacher, under the direction of theSpecial Education Program Administrator provides quality services to specialeducation students, kindergarten through grade 12.  The Special Education Teacher has acommitment to team participation in planning and implementation of studentprograms including special instruction, tutorial assistance and consultationwith general education staff.   


$50/hr. 
Mon-Fri
8a-3:30p
Teacher must be ready to engage with students with high needs

Minimum Requirements:  


Bachelor’s Degree from an accredited universitypreferred  
Valid state teaching certificate as required by state,contract/district regulations  
Minimum of one year experience in teaching environmentpreferred  
State Teacher Certification; Type: Standard ElementaryTeaching preferred 
State Teacher Certification; Type: Standard SecondaryTeaching preferred 
State Teacher Certification; Type: Standard Special Teachingpreferred 
Endorsement: Learning Behavior Specialist (LBS1) preferred 
Complies with all relevant professional standards ofpractice  
Current CPR if applicable 
TB questionnaire, PPD or chest x-ray if applicable  
Current Health certificate (per contract or stateregulation)  
Must meet all federal, state and local requirements  
Must be at least 18 years of age  


Benefits
At Amergis, we firmly believe that our employees are the heartbeat of our organization and we are happy to offer the following benefits:


Competitive pay & weekly paychecks
Health, dental, vision, and life insurance
401(k) savings plan
Awards and recognition programs 

*Benefit eligibility is dependent on employment status. 
												
About Amergis
Amergis, formerly known as Maxim Healthcare Staffing, has served our clients and communities by connecting people to the work that matters since 1988. We provide meaningful opportunities to our extensive network of healthcare and school-based professionals, ready to work in any hospital, government facility, or school. Through partnership and innovation, Amergis creates unmatched staffing experiences to deliver the best workforce solutions.  
						
Amergis is an equal opportunity/affirmative action employer. All qualified applicants will receive consideration for employment without regard to sex, gender identity, sexual orientation, race, color, religion, national origin, disability, protected Veteran status, age, or any other characteristic protected by law.",https://careers.amergis.com/job/884598-special-education-teacher-m-f-50-hr-getzville-new-york/
Speech Language Pathologist - Schools,"Centralia, Washington",Category: Education,,Contract Duration: 40 Weeks,,,Contract Duration: 40 Weeks,Work Setting: Schools,Est. Pay: $2261 / Week,,Posted Date: 3/12/2025,"The Speech-Language Pathologist in the school setting isresponsible for performing student evaluations as well as providing anddocumenting therapy services in accordance with the plan of care developed foreach individual student and the physician’s orders. 
Minimum Requirements:


Active Speech Language Pathologist (SLP) Licensure in thestate of assignment required 
Certificate of Clinical Competence in Speech-LanguagePathology (CCC-SLP) preferred and may be required by state/contract. 
Current CPR if applicable 
TB questionnaire, PPD or chest x-ray if applicable  
Current Health certificate (per contract or stateregulation)  
Must meet all federal, state and local requirements 
Must be at least 18 years of age 


Benefits
At Amergis, we firmly believe that our employees are the heartbeat of our organization and we are happy to offer the following benefits:


Competitive pay & weekly paychecks
Health, dental, vision, and life insurance
401(k) savings plan
Awards and recognition programs 

*Benefit eligibility is dependent on employment status. 
												
About Amergis
Amergis, formerly known as Maxim Healthcare Staffing, has served our clients and communities by connecting people to the work that matters since 1988. We provide meaningful opportunities to our extensive network of healthcare and school-based professionals, ready to work in any hospital, government facility, or school. Through partnership and innovation, Amergis creates unmatched staffing experiences to deliver the best workforce solutions.  
						
Amergis is an equal opportunity/affirmative action employer. All qualified applicants will receive consideration for employment without regard to sex, gender identity, sexual orientation, race, color, religion, national origin, disability, protected Veteran status, age, or any other characteristic protected by law.",https://careers.amergis.com/job/859614-speech-language-pathologist-schools-centralia-washington/
"25/26 SY Special Education Teacher - Glendale, AZ","Glendale, Arizona",Category: Education,,Contract Duration: 36 Weeks,,,Contract Duration: 36 Weeks,Work Setting: Schools,Est. Pay: $2078 / Week,,Posted Date: 7/7/2025,"The Special Education Teacher, under the direction of the Special Education Program Administrator provides quality services to special education students, kindergarten through grade 12.  The Special Education Teacher has a commitment to team participation in planning and implementation of student programs including special instruction, tutorial assistance and consultation with general education staff.  

Location: Multiple locations available in the Glendale, AZ area
Duration: 36 weeks
Hours: 37.5-40/week
Start: Early August Start
Pay: $50/hour
Details: Virtual Interview
Required: AZ Fingerprint Clearance Card and Special Education Cert

Minimum Requirements:   


Bachelor’s Degree from an accredited university preferred  
Valid state teaching certificate as required by state, contract/district regulations  
Minimum of one year experience in teaching environment preferred  
State Teacher Certification; Type: Standard Elementary Teaching preferred 
State Teacher Certification; Type: Standard Secondary Teaching preferred 
State Teacher Certification; Type: Standard Special Teaching preferred 
Endorsement: Learning Behavior Specialist (LBS1) preferred 
Complies with all relevant professional standards of practice  
Current CPR if applicable  
TB questionnaire, PPD or chest x-ray if applicable  
Current Health certificate (per contract or state regulation)  
Must meet all federal, state and local requirements  
Must be at least 18 years of age  


Benefits
At Amergis, we firmly believe that our employees are the heartbeat of our organization and we are happy to offer the following benefits:


Competitive pay & weekly paychecks
Health, dental, vision, and life insurance
401(k) savings plan
Awards and recognition programs 

*Benefit eligibility is dependent on employment status. 
												
About Amergis
Amergis, formerly known as Maxim Healthcare Staffing, has served our clients and communities by connecting people to the work that matters since 1988. We provide meaningful opportunities to our extensive network of healthcare and school-based professionals, ready to work in any hospital, government facility, or school. Through partnership and innovation, Amergis creates unmatched staffing experiences to deliver the best workforce solutions.  
						
Amergis is an equal opportunity/affirmative action employer. All qualified applicants will receive consideration for employment without regard to sex, gender identity, sexual orientation, race, color, religion, national origin, disability, protected Veteran status, age, or any other characteristic protected by law.",https://careers.amergis.com/job/881594-25-26-sy-special-education-teacher-glendale-az-glendale-arizona/
Paraprofessional Opportunity – Life Skills Classroom | Weekly Pay | Post Falls,"Post Falls, Idaho",Category: Education,,Contract - Full Time,,,Contract Duration: 39 Weeks,Work Setting: Schools,Est. Pay: $20 / Hour,,Posted Date: 7/29/2025,"The School Aide is an individual who works with studentsrequiring instructional, and/or behavioral assistance under the supervision ofthe special education department, teacher and/or supervising designee.  The School Aide may also provide supportservices to assist students with personal, physical mobility and therapeuticcare needs, as established by a rehabilitation health practitioner, socialworker or other health care professional. 
Minimum Requirements: 


High School diploma or equivalent required 
Comply with all relevant professional standards ofpractice  
Current CPR if applicable 
TB questionnaire, PPD or chest x-ray if applicable  
Current Health certificate (per contract or stateregulation)  
Must meet all federal, state and local requirements   
Must be at least 18 years of age  



Benefits
At Amergis, we firmly believe that our employees are the heartbeat of our organization and we are happy to offer the following benefits:


Competitive pay & weekly paychecks
Health, dental, vision, and life insurance
401(k) savings plan
Awards and recognition programs 

*Benefit eligibility is dependent on employment status. 
												
About Amergis
Amergis, formerly known as Maxim Healthcare Staffing, has served our clients and communities by connecting people to the work that matters since 1988. We provide meaningful opportunities to our extensive network of healthcare and school-based professionals, ready to work in any hospital, government facility, or school. Through partnership and innovation, Amergis creates unmatched staffing experiences to deliver the best workforce solutions.  
						
Amergis is an equal opportunity/affirmative action employer. All qualified applicants will receive consideration for employment without regard to sex, gender identity, sexual orientation, race, color, religion, national origin, disability, protected Veteran status, age, or any other characteristic protected by law.",https://careers.amergis.com/job/886852-paraprofessional-opportunity-life-skills-classroom-weekly-pay-post-falls-post-falls-idaho/
Hiring - DHH Teacher in Orange County!,"santa ana, California",Category: Education,,Contract - Full Time,,,Contract Duration: 52 Weeks,Work Setting: Schools,Est. Pay: $45 / Hour,,Posted Date: 11/25/2024,"Amergis Staffing is hiring for a Teacher for the Deaf and Hard-of-Hearing for the upcoming school year. The DHH teacher teaches deaf and hard-of-hearing pupils in a classroom setting and instructs in academic subjects of regular curriculum or adapted curriculum to meet needs of student population.
What We Offer:

Monday-Friday schedule (between the hours of 7:30am-4pm)
Pay: $45 – 47 / hr
Weekly pay!

Minimum Requirements:

Bachelor’s Degree from an accredited university
Valid CA Teaching License
Valid Deaf and Hard of Hearing Certificate
Knowledge in Sign Language and use of amplification devices for the deaf and hard-of-hearing
Experience with deaf and hard-of-hearing students
ASL proficiency exam or Certification required
Complies with all relevant professional standards of practice
Participation and completion of Amergis’ Competency program when applicable
Ability to effectively elicit/provide information to and from appropriate individuals (including, but not limited to, supervisors, co-workers, clients) via strong communication skills; proficiency in the English language is required

Essential Duties and Responsibilities:

Develops and implements lesson plans
Utilizes the use of technical and specialized equipment for students with hearing loss
Prepares lessons that accommodate learning styles
Communicates by way of sign/spoken language as appropriate
Assists in the selection of instructional materials and equipment
Provides training to students or staff to facilitate the child’s learning, inclusion and independence
Assesses student learning styles and uses results to plan educational activities
Conducts assessments of student progress and achievement using testing methodology
Compiles reports, records, and documents as required
Participates in IEP meetings with parents, teachers, students, and other School District staff
Follow School District policies and procedures


Benefits
At Amergis, we firmly believe that our employees are the heartbeat of our organization and we are happy to offer the following benefits:


Competitive pay & weekly paychecks
Health, dental, vision, and life insurance
401(k) savings plan
Awards and recognition programs 

*Benefit eligibility is dependent on employment status. 
												
About Amergis
Amergis, formerly known as Maxim Healthcare Staffing, has served our clients and communities by connecting people to the work that matters since 1988. We provide meaningful opportunities to our extensive network of healthcare and school-based professionals, ready to work in any hospital, government facility, or school. Through partnership and innovation, Amergis creates unmatched staffing experiences to deliver the best workforce solutions.  
						
Amergis is an equal opportunity/affirmative action employer. All qualified applicants will receive consideration for employment without regard to sex, gender identity, sexual orientation, race, color, religion, national origin, disability, protected Veteran status, age, or any other characteristic protected by law.",https://careers.amergis.com/job/842303-hiring-dhh-teacher-in-orange-county-santa-ana-california/
School Based Speech Language Pathologist Opportunity! $75 Per Hour!,"Rochester, New York",Category: Education,,Contract - Full Time,,,Contract Duration: 52 Weeks,Work Setting: Schools,Est. Pay: $75 / Hour,,Posted Date: 8/7/2025,"The Speech-Language Pathologist in the school setting isresponsible for performing student evaluations as well as providing anddocumenting therapy services in accordance with the plan of care developed foreach individual student and the physician’s orders. 
School Based SLP Opportunity!
Salary: $70-75 Per Hour!
Full Time, Full Benefits!
W2 Basis!
Minimum Requirements: 


Active  SpeechLanguage Pathologist (SLP) Licensure in the state of assignment required 
Certificate of Clinical Competence in Speech-LanguagePathology (CCC-SLP) preferred and may be required by state/contract.  
Complies with all relevant professional standards ofpractice  
Current CPR if applicable 
TB questionnaire, PPD or chest x-ray if applicable  
Current Health certificate (per contract or stateregulation)  
Must meet all federal, state and local requirements  
Must be at least 18 years of age  



Benefits
At Amergis, we firmly believe that our employees are the heartbeat of our organization and we are happy to offer the following benefits:


Competitive pay & weekly paychecks
Health, dental, vision, and life insurance
401(k) savings plan
Awards and recognition programs 

*Benefit eligibility is dependent on employment status. 
												
About Amergis
Amergis, formerly known as Maxim Healthcare Staffing, has served our clients and communities by connecting people to the work that matters since 1988. We provide meaningful opportunities to our extensive network of healthcare and school-based professionals, ready to work in any hospital, government facility, or school. Through partnership and innovation, Amergis creates unmatched staffing experiences to deliver the best workforce solutions.  
						
Amergis is an equal opportunity/affirmative action employer. All qualified applicants will receive consideration for employment without regard to sex, gender identity, sexual orientation, race, color, religion, national origin, disability, protected Veteran status, age, or any other characteristic protected by law.",https://careers.amergis.com/job/889107-school-based-speech-language-pathologist-opportunity-75-per-hour-rochester-new-york/
Speech Language Pathologist,"Hemet, California",Category: Education,,Contract - Full Time,,,Contract Duration: 52 Weeks,Work Setting: Schools,Est. Pay: $60 / Hour,,Posted Date: 8/5/2025,"The Speech-Language Pathologist in the school setting isresponsible for performing student evaluations as well as providing anddocumenting therapy services in accordance with the plan of care developed foreach individual student and the physician’s orders. 
Minimum Requirements: 


Active SpeechLanguage Pathologist (SLP) Licensure in the state of assignment required 
Certificate of Clinical Competence in Speech-LanguagePathology (CCC-SLP) preferred and may be required by state/contract.  
Complies with all relevant professional standards ofpractice  
Current CPR if applicable 
TB questionnaire, PPD or chest x-ray if applicable  
Current Health certificate (per contract or stateregulation)  
Must meet all federal, state and local requirements  
Must be at least 18 years of age  



Benefits
At Amergis, we firmly believe that our employees are the heartbeat of our organization and we are happy to offer the following benefits:


Competitive pay & weekly paychecks
Health, dental, vision, and life insurance
401(k) savings plan
Awards and recognition programs 

*Benefit eligibility is dependent on employment status. 
												
About Amergis
Amergis, formerly known as Maxim Healthcare Staffing, has served our clients and communities by connecting people to the work that matters since 1988. We provide meaningful opportunities to our extensive network of healthcare and school-based professionals, ready to work in any hospital, government facility, or school. Through partnership and innovation, Amergis creates unmatched staffing experiences to deliver the best workforce solutions.  
						
Amergis is an equal opportunity/affirmative action employer. All qualified applicants will receive consideration for employment without regard to sex, gender identity, sexual orientation, race, color, religion, national origin, disability, protected Veteran status, age, or any other characteristic protected by law.",https://careers.amergis.com/job/888397-speech-language-pathologist-hemet-california/
"Schools Speech Language Pathologist- Pittsburgh, PA","Pittsburgh, Pennsylvania",Category: Education,,Contract - Full Time,,,Contract Duration: 41 Weeks,Work Setting: Schools,Est. Pay: $1995 / Week,,Posted Date: 7/18/2025,"The Speech-Language Pathologist in the school setting is responsible for performing student evaluations as well as providing and documenting therapy services in accordance with the plan of care developed for each individual student and the physician’s orders. 
Minimum Requirements: 


Active  Speech Language Pathologist (SLP) Licensure in the state of assignment required 
Certificate of Clinical Competence in Speech-Language Pathology (CCC-SLP) preferred and may be required by state/contract.  
Complies with all relevant professional standards of practice  
Current CPR if applicable 
TB questionnaire, PPD or chest x-ray if applicable  
Current Health certificate (per contract or state regulation)  
Must meet all federal, state and local requirements  
Must be at least 18 years of age  



Benefits
At Amergis, we firmly believe that our employees are the heartbeat of our organization and we are happy to offer the following benefits:


Competitive pay & weekly paychecks
Health, dental, vision, and life insurance
401(k) savings plan
Awards and recognition programs 

*Benefit eligibility is dependent on employment status. 
												
About Amergis
Amergis, formerly known as Maxim Healthcare Staffing, has served our clients and communities by connecting people to the work that matters since 1988. We provide meaningful opportunities to our extensive network of healthcare and school-based professionals, ready to work in any hospital, government facility, or school. Through partnership and innovation, Amergis creates unmatched staffing experiences to deliver the best workforce solutions.  
						
Amergis is an equal opportunity/affirmative action employer. All qualified applicants will receive consideration for employment without regard to sex, gender identity, sexual orientation, race, color, religion, national origin, disability, protected Veteran status, age, or any other characteristic protected by law.",https://careers.amergis.com/job/884545-schools-speech-language-pathologist-pittsburgh-pa-pittsburgh-pennsylvania/
2025-26. Learning Support Special Education Teacher,"Allentown, Pennsylvania",Category: Education,,Contract Duration: 36 Weeks,,,Contract Duration: 36 Weeks,Work Setting: Schools,Est. Pay: $2223 / Week,,Posted Date: 7/25/2025,"The Special Education Teacher, under the direction of the Special Education Program Administrator provides quality services to special education students, kindergarten through grade 12.  The Special Education Teacher has a commitment to team participation in planning and implementation of student programs including special instruction, tutorial assistance and consultation with general education staff.   
Minimum Requirements:   


Bachelor’s Degree from an accredited university preferred  
Valid state teaching certificate as required by state, contract/district regulations  
Minimum of one year experience in teaching environment preferred  
State Teacher Certification; Type: Standard Elementary Teaching preferred 
State Teacher Certification; Type: Standard Secondary Teaching preferred 
State Teacher Certification; Type: Standard Special Teaching preferred 
Endorsement: Learning Behavior Specialist (LBS1) preferred 
Complies with all relevant professional standards of practice  
Current CPR if applicable  
TB questionnaire, PPD or chest x-ray if applicable  
Current Health certificate (per contract or state regulation)  
Must meet all federal, state and local requirements  
Must be at least 18 years of age  


Benefits
At Amergis, we firmly believe that our employees are the heartbeat of our organization and we are happy to offer the following benefits:


Competitive pay & weekly paychecks
Health, dental, vision, and life insurance
401(k) savings plan
Awards and recognition programs 

*Benefit eligibility is dependent on employment status. 
												
About Amergis
Amergis, formerly known as Maxim Healthcare Staffing, has served our clients and communities by connecting people to the work that matters since 1988. We provide meaningful opportunities to our extensive network of healthcare and school-based professionals, ready to work in any hospital, government facility, or school. Through partnership and innovation, Amergis creates unmatched staffing experiences to deliver the best workforce solutions.  
						
Amergis is an equal opportunity/affirmative action employer. All qualified applicants will receive consideration for employment without regard to sex, gender identity, sexual orientation, race, color, religion, national origin, disability, protected Veteran status, age, or any other characteristic protected by law.",https://careers.amergis.com/job/885966-2025-26-learning-support-special-education-teacher-allentown-pennsylvania/
Hiring (BT) Behavioral Therapist $27/HR,"Orange, California",Category: Education,,Contract - Full Time,,,Contract Duration: 52 Weeks,Work Setting: Schools,Est. Pay: $25 / Hour,,Posted Date: 7/30/2025,"Amergis Healthcare Staffing is seeking full time Behavioral Technicians and Instructional Aides to assist students, either 1:1 or in a small group setting, in school classrooms during school hours for the 2024-2025 school year in the Orange County region.
The Behavior Technician Aide role entails supporting students who require behavioral support by utilizing ABA strategies to manage maladaptive behaviors and ensuring students are staying on track with their classwork and school activities. Must have minimum 6 months of Applied Behavior Analysis (ABA) experience.
The Instructional Aide role entails helping students focus in class, follow their schedule, accompany them on lunch or bathroom breaks, and providing toileting/diapering assistance. Must have experience working with kids in a personal/professional setting (ex: babysitting/nannying, daycare, afterschool program, etc.)
What We Offer:

Monday – Friday
Full Time Opportunities
Part Time Substitute Opportunities
Morning & Day shifts – 8:00am – 3:00pm
Competitive Pay Rate – $27 / Hour (Depending on experience and location)
Benefits – medical, dental & vision and Weekly pay!

Locations:


Tustin
Wesminster
Newport
Costa Mesa
Santa Ana
Mission Viejo
Orange
Anaheim
Garden Grove

Benefits


Competitive pay & weekly paychecks
Health, dental, vision, and life insurance
401(k) savings plan
Awards and recognition programs 

If you are interested in this position, please feel free to apply directly here or email me your resume at jamenese@amergis.com



Amergis Healthcare Staffing (formerly known as Amergis Healthcare Staffing) has been making a difference in the lives of our patients, caregivers, and employees for more than 30 years. Our nationwide suite of services includes home healthcare, companion and behavioral care, healthcare staffing, and workforce solutions. Amergis’s commitment to customer service, compassionate patient care, and filling critical staffing needs makes us a trusted partner wherever healthcare is needed. 

Amergis Healthcare Staffing is an equal opportunity/affirmative action employer. All qualified applicants will receive consideration for employment without regard to sex, gender identity, sexual orientation, race, color, religion, national origin, disability, protected Veteran status, age, or any other characteristic protected by law.


Benefits
At Amergis, we firmly believe that our employees are the heartbeat of our organization and we are happy to offer the following benefits:


Competitive pay & weekly paychecks
Health, dental, vision, and life insurance
401(k) savings plan
Awards and recognition programs 


*Benefit eligibility is dependent on employment status. 






Benefits
At Amergis, we firmly believe that our employees are the heartbeat of our organization and we are happy to offer the following benefits:


Competitive pay & weekly paychecks
Health, dental, vision, and life insurance
401(k) savings plan
Awards and recognition programs 


*Benefit eligibility is dependent on employment status. 

Benefits
At Amergis, we firmly believe that our employees are the heartbeat of our organization and we are happy to offer the following benefits:


Competitive pay & weekly paychecks
Health, dental, vision, and life insurance
401(k) savings plan
Awards and recognition programs 

*Benefit eligibility is dependent on employment status. 
												
About Amergis
Amergis, formerly known as Maxim Healthcare Staffing, has served our clients and communities by connecting people to the work that matters since 1988. We provide meaningful opportunities to our extensive network of healthcare and school-based professionals, ready to work in any hospital, government facility, or school. Through partnership and innovation, Amergis creates unmatched staffing experiences to deliver the best workforce solutions.  
						
Amergis is an equal opportunity/affirmative action employer. All qualified applicants will receive consideration for employment without regard to sex, gender identity, sexual orientation, race, color, religion, national origin, disability, protected Veteran status, age, or any other characteristic protected by law.",https://careers.amergis.com/job/887133-hiring-bt-behavioral-therapist-27-hr-orange-california/
Early Intervention Specialist,"Columbus, Ohio",Category: Education,,Contract - Full Time,,,Contract Duration: 42 Weeks,Work Setting: Healthcare Facilities,Est. Pay: $2062 / Week,,Posted Date: 7/31/2025,"The Early Intervention Specialist provides services tochildren with a variety of developmental disabilities or delays.  The Early Intervention Specialist works withchildren in a variety of settings to help implement personalized focused treatmentprograms to increase positive outcomes and independence.  
Minimum Requirements: 


Bachelor’s Degree from accredited university preferred  
Valid state teaching certificate or early childhood educationas required by state regulations and/or contract  
One year experience as an Early Intervention Specialistpreferred
Current CPR if applicable 
TB Questionnaire, PPD or chest x-ray if applicable  
Current Health certificate (per contract or stateregulation)  
Must meet all federal, state and local requirements 
Must be at least 18 years of age 

Benefits
At Amergis, we firmly believe that our employees are the heartbeat of our organization and we are happy to offer the following benefits:


Competitive pay & weekly paychecks
Health, dental, vision, and life insurance
401(k) savings plan
Awards and recognition programs 

*Benefit eligibility is dependent on employment status. 
												
About Amergis
Amergis, formerly known as Maxim Healthcare Staffing, has served our clients and communities by connecting people to the work that matters since 1988. We provide meaningful opportunities to our extensive network of healthcare and school-based professionals, ready to work in any hospital, government facility, or school. Through partnership and innovation, Amergis creates unmatched staffing experiences to deliver the best workforce solutions.  
						
Amergis is an equal opportunity/affirmative action employer. All qualified applicants will receive consideration for employment without regard to sex, gender identity, sexual orientation, race, color, religion, national origin, disability, protected Veteran status, age, or any other characteristic protected by law.",https://careers.amergis.com/job/887457-early-intervention-specialist-columbus-ohio/
Speech Language Pathologist - School Year 25-26 - Pay $65/Hr.,"Blue Springs, Missouri",Category: Education,,Contract - Full Time,,,Contract Duration: 36 Weeks,Work Setting: Schools,Est. Pay: $2437 / Week,,Posted Date: 8/1/2025,"Modality:  


 Speech Language Pathologist 




Grade Level & Classroom Type (General, Inclusion, Self Contained, etc.)


mix of elementary and middle school students 




Caseload Details:


15-20 students on caseload 




The Speech-Language Pathologist in the school setting isresponsible for performing student evaluations as well as providing anddocumenting therapy services in accordance with the plan of care developed foreach individual student and the physician’s orders. 
Minimum Requirements: 


Active  SpeechLanguage Pathologist (SLP) Licensure in the state of assignment required 
Certificate of Clinical Competence in Speech-LanguagePathology (CCC-SLP) preferred and may be required by state/contract.  
Complies with all relevant professional standards ofpractice  
Current CPR if applicable 
TB questionnaire, PPD or chest x-ray if applicable  
Current Health certificate (per contract or stateregulation)  
Must meet all federal, state and local requirements  
Must be at least 18 years of age  



Benefits
At Amergis, we firmly believe that our employees are the heartbeat of our organization and we are happy to offer the following benefits:


Competitive pay & weekly paychecks
Health, dental, vision, and life insurance
401(k) savings plan
Awards and recognition programs 

*Benefit eligibility is dependent on employment status. 
												
About Amergis
Amergis, formerly known as Maxim Healthcare Staffing, has served our clients and communities by connecting people to the work that matters since 1988. We provide meaningful opportunities to our extensive network of healthcare and school-based professionals, ready to work in any hospital, government facility, or school. Through partnership and innovation, Amergis creates unmatched staffing experiences to deliver the best workforce solutions.  
						
Amergis is an equal opportunity/affirmative action employer. All qualified applicants will receive consideration for employment without regard to sex, gender identity, sexual orientation, race, color, religion, national origin, disability, protected Veteran status, age, or any other characteristic protected by law.",https://careers.amergis.com/job/887706-speech-language-pathologist-school-year-25-26-pay-65-hr-blue-springs-missouri/
EC Special Education Teacher,"Appleton, Wisconsin",Category: Education,,Contract Duration: 36 Weeks,,,Contract Duration: 36 Weeks,Work Setting: Schools,Est. Pay: $2362 / Week,,Posted Date: 8/5/2025,"The Special Education Teacher, under the direction of the Special Education Program Administrator provides quality services to special education students, kindergarten through grade 12.  The Special Education Teacher has a commitment to team participation in planning and implementation of student programs including special instruction, tutorial assistance and consultation with general education staff.  
Essential Duties and Responsibilities:  


Prepares student education plans in consultation with parents and department team members
Supports learning for students who have a wide range of learning, mental, emotional, and physical disabilities.
Designs instruction, both individual and small group, which parallels the general education curriculum 
Assists parents, administrators, testing specialists, social workers, and professionals to develop educational plans designed to promote students’ educational, physical, and social development
Prepares materials and classrooms for class activities 
Serves as the coordinator of individualize education program (IEP) implementation with general education staff 
Monitors student progress, participates in review and revision of student’s IEP, as appropriate 
Maintains accurate student records 
Mentors and supports teaching assistants who provide support to students with disabilities 
Supports students in preparation for grade transitions and preparing for life skills
Assess students’ skills and educational needs and tracks student’s performance
Discusses students’ progress with their other teachers
Communicates to maintain positive relationships with students and their parents 
Follows School District policies and procedures 

Minimum Requirements:  


Bachelor’s Degree from an accredited university preferred 
Valid state teaching certificate as required by state, contract/district regulations 
Minimum of one year experience in teaching environment preferred 
State Teacher Certification; Type: Standard Elementary Teaching preferred
State Teacher Certification; Type: Standard Secondary Teaching preferred
State Teacher Certification; Type: Standard Special Teaching preferred
Endorsement: Learning Behavior Specialist (LBS1) preferred
Complies with all relevant professional standards of practice 
Participation and completion of Amergis’ Competency program when applicable 
Current CPR if applicable 
TB Questionnaire, PPD or chest x-ray if applicable 
Current Health certificate (per contract or state regulation) 
Must meet all federal, state and local requirements 
Successful completion of new hire training as applicable to job site 
Understand patient confidentiality and HIPAA requirements 
Ability to effectively elicit/provide information to and from appropriate individuals (including, but not limited to, supervisors, co-workers, clients) via strong communication skills; proficiency in the English language required 
Computer proficiency required 
Must be at least 18 years of age

Benefits
At Amergis, we firmly believe that our employees are the heartbeat of our organization and we are happy to offer the following benefits:


Competitive pay & weekly paychecks
Health, dental, vision, and life insurance
401(k) savings plan
Awards and recognition programs 

*Benefit eligibility is dependent on employment status. 
												
About Amergis
Amergis, formerly known as Maxim Healthcare Staffing, has served our clients and communities by connecting people to the work that matters since 1988. We provide meaningful opportunities to our extensive network of healthcare and school-based professionals, ready to work in any hospital, government facility, or school. Through partnership and innovation, Amergis creates unmatched staffing experiences to deliver the best workforce solutions.  
						
Amergis is an equal opportunity/affirmative action employer. All qualified applicants will receive consideration for employment without regard to sex, gender identity, sexual orientation, race, color, religion, national origin, disability, protected Veteran status, age, or any other characteristic protected by law.",https://careers.amergis.com/job/888177-ec-special-education-teacher-appleton-wisconsin/
Deaf/Hard of Hearing Teacher | Columbus NE | 25-26 SY,"Norfolk, Nebraska",Category: Education,,Contract - Full Time,,,Contract Duration: 52 Weeks,Work Setting: Schools,Est. Pay: $1720 / Week,,Posted Date: 4/17/2025,"My organization, Amergis Staffing, issearching for 25-26Deaf/Hard of Hearing Teachers to join our team of incredibleprofessionals working in school systems within Columbus NE!!
 
Here are thedetails for a great opportunity:
-Location: ColumbusNE
-Length: 25-26School Year
-Hours: 40hour work week
 
-Pay:$43-$46/hour
 
Ifinterested, please feel free to reply with your confirmed interest and I willreach out to discuss the position further, address any questions or concerns,and we can take the next steps. If not, that is okay too! I do staff nationwideand would be happy to review other options that will fit you better! I lookforward to hearing from you! 
Amergis offers the following benefits:

Medical, Dental,     Vision, and Life Insurance 
401k Program
Competitive     (weekly) Pay
Flexible     Scheduling 
Direct     Deposit 
Travel Benefits     (as applicable)
24 hour on-call     service  

Amergis is a leading provider of home healthcare,medical-related staffing, travel nursing, and population health and wellnessservices across the United States. As an established community partner, we havebeen making a difference in the lives of our employees, caregivers, andpatients for more than 25 years. 
Our commitment to customer service, improving patient care,and staffing experienced healthcare professionals has paved the way for manyrewarding career opportunities in the healthcare industry. 
Benefits
At Amergis, we firmly believe that our employees are the heartbeat of our organization and we are happy to offer the following benefits:


Competitive pay & weekly paychecks
Health, dental, vision, and life insurance
401(k) savings plan
Awards and recognition programs 

*Benefit eligibility is dependent on employment status. 
												
About Amergis
Amergis, formerly known as Maxim Healthcare Staffing, has served our clients and communities by connecting people to the work that matters since 1988. We provide meaningful opportunities to our extensive network of healthcare and school-based professionals, ready to work in any hospital, government facility, or school. Through partnership and innovation, Amergis creates unmatched staffing experiences to deliver the best workforce solutions.  
						
Amergis is an equal opportunity/affirmative action employer. All qualified applicants will receive consideration for employment without regard to sex, gender identity, sexual orientation, race, color, religion, national origin, disability, protected Veteran status, age, or any other characteristic protected by law.",https://careers.amergis.com/job/865972-deaf-hard-of-hearing-teacher-columbus-ne-25-26-sy-norfolk-nebraska/
School Psychologist,"Fort Worth, Texas",Category: Education,,Contract - Full Time,,,Contract Duration: 39 Weeks,Work Setting: Schools,Est. Pay: $2800 / Week,,Posted Date: 4/17/2025,"The School Psychologist works to support students through avariety of mental health and developmental issues and aid in qualifyingstudents for additional support services. The School Psychologist is responsible for providing on-sitepsychological services to students under the jurisdiction of the state anddistrict.  
Minimum Requirements: 


Must maintain current State licensures and/or certificationsin state of assignment  
Experience in pediatric and adolescent population ispreferred  
Master’s degree in psychology preferred 
Current CPR if applicable 
TB Questionnaire, PPD or chest x-ray if applicable  
Current Health certificate (per contract or stateregulation)  
Must meet all federal, state and local requirements 
Must be at least 18 years of age  
































Benefits
At Amergis, we firmly believe that our employees are the heartbeat of our organization and we are happy to offer the following benefits:


Competitive pay & weekly paychecks
Health, dental, vision, and life insurance
401(k) savings plan
Awards and recognition programs 

*Benefit eligibility is dependent on employment status. 
												
About Amergis
Amergis, formerly known as Maxim Healthcare Staffing, has served our clients and communities by connecting people to the work that matters since 1988. We provide meaningful opportunities to our extensive network of healthcare and school-based professionals, ready to work in any hospital, government facility, or school. Through partnership and innovation, Amergis creates unmatched staffing experiences to deliver the best workforce solutions.  
						
Amergis is an equal opportunity/affirmative action employer. All qualified applicants will receive consideration for employment without regard to sex, gender identity, sexual orientation, race, color, religion, national origin, disability, protected Veteran status, age, or any other characteristic protected by law.",https://careers.amergis.com/job/866082-school-psychologist-fort-worth-texas/
2025-26 ESE Teacher - $47 Per Hour,"North Port, Florida",Category: Education,,Contract Duration: 39 Weeks,,,Contract Duration: 39 Weeks,Work Setting: Schools,Est. Pay: $1300 / Week,,Posted Date: 5/13/2025,"The Amergis Educational Services Team is currently seeking ESE (Special Education) Teachers for schools within the North Port, Venice, Nokomis and Sarasota areas for the Full 2025-26 School Year.
 
Position Details: 
Pay: $47 per hour, up to $1925 per week (based on location)
Schedule: Monday-Friday
Start Date: August 2025
Length of Contract: 2025-26 school year (high possibility of extension into the following school year and option to go internal directly with school)
Benefits: Weekly Pay, Full Benefits including Medical, Vision, Dental, 401k, and more
Other Details: Very quick interviews and feedback, Virtual interviews. 
Requirements: FLDOE ESE Endorsement or Statement of Eligibility

* Please note that this pay range represents a good faith estimate of the compensation that will be offered for this position based on the circumstances. The actual pay offered to a successful candidate will take into account a wide range of factors, including but not limited to location, experience, and other variable factors.

To connect directly with a recruiter you can apply or reach out via the info below:

DeAngelo LeGrier
Phone: 813-421-6664
Email: Delegrie@amergis.com

The Special Education Teacher, under the direction of the Special Education Program Administrator provides quality services to special education students, kindergarten through grade 12.  The Special Education Teacher has a commitment to team participation in planning and implementation of student programs including special instruction, tutorial assistance and consultation with general education staff.  
Essential Duties and Responsibilities:  


Prepares student education plans in consultation with parents and department team members
Supports learning for students who have a wide range of learning, mental, emotional, and physical disabilities.
Designs instruction, both individual and small group, which parallels the general education curriculum 
Assists parents, administrators, testing specialists, social workers, and professionals to develop educational plans designed to promote students’ educational, physical, and social development
Prepares materials and classrooms for class activities 
Serves as the coordinator of individualize education program (IEP) implementation with general education staff 
Monitors student progress, participates in review and revision of student’s IEP, as appropriate 
Maintains accurate student records 
Mentors and supports teaching assistants who provide support to students with disabilities 
Supports students in preparation for grade transitions and preparing for life skills
Assess students’ skills and educational needs and tracks student’s performance
Discusses students’ progress with their other teachers
Communicates to maintain positive relationships with students and their parents 
Follows School District policies and procedures 

Minimum Requirements:  


Bachelor’s Degree from an accredited university preferred 
Valid state teaching certificate as required by state, contract/district regulations 
Minimum of one year experience in teaching environment preferred 
State Teacher Certification; Type: Standard Elementary Teaching preferred
State Teacher Certification; Type: Standard Secondary Teaching preferred
State Teacher Certification; Type: Standard Special Teaching preferred
Endorsement: Learning Behavior Specialist (LBS1) preferred
Complies with all relevant professional standards of practice 
Participation and completion of Amergis’ Competency program when applicable 
Current CPR if applicable 
TB Questionnaire, PPD or chest x-ray if applicable 
Current Health certificate (per contract or state regulation) 
Must meet all federal, state and local requirements 
Successful completion of new hire training as applicable to job site 
Understand patient confidentiality and HIPAA requirements 
Ability to effectively elicit/provide information to and from appropriate individuals (including, but not limited to, supervisors, co-workers, clients) via strong communication skills; proficiency in the English language required 
Computer proficiency required 
Must be at least 18 years of age 

Benefits
At Amergis, we firmly believe that our employees are the heartbeat of our organization and we are happy to offer the following benefits:


Competitive pay & weekly paychecks
Health, dental, vision, and life insurance
401(k) savings plan
Awards and recognition programs 

*Benefit eligibility is dependent on employment status. 
												
About Amergis
Amergis, formerly known as Maxim Healthcare Staffing, has served our clients and communities by connecting people to the work that matters since 1988. We provide meaningful opportunities to our extensive network of healthcare and school-based professionals, ready to work in any hospital, government facility, or school. Through partnership and innovation, Amergis creates unmatched staffing experiences to deliver the best workforce solutions.  
						
Amergis is an equal opportunity/affirmative action employer. All qualified applicants will receive consideration for employment without regard to sex, gender identity, sexual orientation, race, color, religion, national origin, disability, protected Veteran status, age, or any other characteristic protected by law.",https://careers.amergis.com/job/870740-2025-26-ese-teacher-47-per-hour-north-port-florida/
Special Education Teacher - 25/26 School Year!,"Killeen, Texas",Category: Education,,Contract - Full Time,,,Contract Duration: 36 Weeks,Work Setting: Schools,Est. Pay: $41 / Hour,,Posted Date: 7/23/2025,"?? Special Education Teachers in Killeen, TX!
$1,650+ Wkly – W2 – Benefits – 401K

Help empower students to thrive??
 
If this opportunity doesn’t check all your boxes, whether it’s  location or pay, I have plenty of others that might be a better fit!
 
Know another School Based Professional looking? I’m happy to help?? 
Located in another state or area? I hire Nationally??? 
 
Reach out to set up some time to discuss!
?? Rayulo@amergis.com
?? 813-261-5525
 

Benefits
At Amergis, we firmly believe that our employees are the heartbeat of our organization and we are happy to offer the following benefits:


Competitive pay & weekly paychecks
Health, dental, vision, and life insurance
401(k) savings plan
Awards and recognition programs 

*Benefit eligibility is dependent on employment status. 
												
About Amergis
Amergis, formerly known as Maxim Healthcare Staffing, has served our clients and communities by connecting people to the work that matters since 1988. We provide meaningful opportunities to our extensive network of healthcare and school-based professionals, ready to work in any hospital, government facility, or school. Through partnership and innovation, Amergis creates unmatched staffing experiences to deliver the best workforce solutions.  
						
Amergis is an equal opportunity/affirmative action employer. All qualified applicants will receive consideration for employment without regard to sex, gender identity, sexual orientation, race, color, religion, national origin, disability, protected Veteran status, age, or any other characteristic protected by law.",https://careers.amergis.com/job/885656-special-education-teacher-25-26-school-year-killeen-texas/
Behavior Aide!,"Torrance, California",Category: Education,,Contract - Full Time,,,Contract Duration: 52 Weeks,Work Setting: Schools,Est. Pay: $22 / Hour,,Posted Date: 7/23/2025,"The Behavior Technician works to facilitate educational andbehavioral services with children and adults with special needs andcollaborates with school professionals and other behavioral specialists toachieve learning and behavioral goals and objectives. 
If interested, please contact Victoria Young (213)296-3747 or email your resume in response to this post at viyoung@amergis.com

ASAP START AND ABA EXPERIENCE REQUIRED! PAY $21+ DOE 
Minimum Requirements:


High School diploma or equivalent required 
Two (2) years of pediatric experience preferred
Current CPR if applicable 
TB questionnaire, PPD or chest x-ray if applicable   
Must meet all federal, state and local requirements 
Must be at least 18 years of age



Benefits
At Amergis, we firmly believe that our employees are the heartbeat of our organization and we are happy to offer the following benefits:


Competitive pay & weekly paychecks
Health, dental, vision, and life insurance
401(k) savings plan
Awards and recognition programs 

*Benefit eligibility is dependent on employment status. 
												
About Amergis
Amergis, formerly known as Maxim Healthcare Staffing, has served our clients and communities by connecting people to the work that matters since 1988. We provide meaningful opportunities to our extensive network of healthcare and school-based professionals, ready to work in any hospital, government facility, or school. Through partnership and innovation, Amergis creates unmatched staffing experiences to deliver the best workforce solutions.  
						
Amergis is an equal opportunity/affirmative action employer. All qualified applicants will receive consideration for employment without regard to sex, gender identity, sexual orientation, race, color, religion, national origin, disability, protected Veteran status, age, or any other characteristic protected by law.",https://careers.amergis.com/job/885642-behavior-aide-torrance-california/
Low Incidence - SPED Teacher | $42/hr,"Mulvane, Kansas",Category: Education,,Contract - Full Time,,,Contract Duration: 36 Weeks,Work Setting: Schools,Est. Pay: $1575 / Week,,Posted Date: 4/17/2025,"The Special Education Teacher, under the direction of the Special Education Program Administrator provides quality services to special education students, kindergarten through grade 12.  The Special Education Teacher has a commitment to team participation in planning and implementation of student programs including special instruction, tutorial assistance and consultation with general education staff.   
Minimum Requirements:  


Bachelor’s Degree from an accredited university preferred  
Valid state teaching certificate as required by state, contract/district regulations  
Minimum of one year experience in teaching environment preferred  
State Teacher Certification; Type: Standard Elementary Teaching preferred 
State Teacher Certification; Type: Standard Secondary Teaching preferred 
State Teacher Certification; Type: Standard Special Teaching preferred 
Endorsement: Learning Behavior Specialist (LBS1) preferred
Current CPR if applicable  
TB Questionnaire, PPD or chest x-ray if applicable  
Current Health certificate (per contract or state regulation)  
Must meet all federal, state and local requirements 
Must be at least 18 years of age 

#LI-JD5

Benefits
At Amergis, we firmly believe that our employees are the heartbeat of our organization and we are happy to offer the following benefits:


Competitive pay & weekly paychecks
Health, dental, vision, and life insurance
401(k) savings plan
Awards and recognition programs 

*Benefit eligibility is dependent on employment status. 
												
About Amergis
Amergis, formerly known as Maxim Healthcare Staffing, has served our clients and communities by connecting people to the work that matters since 1988. We provide meaningful opportunities to our extensive network of healthcare and school-based professionals, ready to work in any hospital, government facility, or school. Through partnership and innovation, Amergis creates unmatched staffing experiences to deliver the best workforce solutions.  
						
Amergis is an equal opportunity/affirmative action employer. All qualified applicants will receive consideration for employment without regard to sex, gender identity, sexual orientation, race, color, religion, national origin, disability, protected Veteran status, age, or any other characteristic protected by law.",https://careers.amergis.com/job/865982-low-incidence-sped-teacher-42-hr-mulvane-kansas/
Speech Language Pathologist [IN-PERSON] - Schools,"Stafford, Virginia",Category: Education,,Contract - Full Time,,,Contract Duration: 40 Weeks,Work Setting: Schools,Est. Pay: $9 / Hour,,Posted Date: 6/3/2025,"The Speech-Language Pathologist in the school setting isresponsible for performing student evaluations as well as providing anddocumenting therapy services in accordance with the plan of care developed foreach individual student and the physician’s orders. 
Minimum Requirements:


Active Speech Language Pathologist (SLP) Licensure in thestate of assignment required 
Certificate of Clinical Competence in Speech-LanguagePathology (CCC-SLP) preferred and may be required by state/contract. 
Current CPR if applicable 
TB questionnaire, PPD or chest x-ray if applicable  
Current Health certificate (per contract or stateregulation)  
Must meet all federal, state and local requirements 
Must be at least 18 years of age 


Benefits
At Amergis, we firmly believe that our employees are the heartbeat of our organization and we are happy to offer the following benefits:


Competitive pay & weekly paychecks
Health, dental, vision, and life insurance
401(k) savings plan
Awards and recognition programs 

*Benefit eligibility is dependent on employment status. 
												
About Amergis
Amergis, formerly known as Maxim Healthcare Staffing, has served our clients and communities by connecting people to the work that matters since 1988. We provide meaningful opportunities to our extensive network of healthcare and school-based professionals, ready to work in any hospital, government facility, or school. Through partnership and innovation, Amergis creates unmatched staffing experiences to deliver the best workforce solutions.  
						
Amergis is an equal opportunity/affirmative action employer. All qualified applicants will receive consideration for employment without regard to sex, gender identity, sexual orientation, race, color, religion, national origin, disability, protected Veteran status, age, or any other characteristic protected by law.",https://careers.amergis.com/job/874760-speech-language-pathologist-in-person-schools-stafford-virginia/
LPN School Nurse - 25-26 SY,"Land O Lakes, Florida",Category: Education,,Contract - Full Time,,,Contract Duration: 39 Weeks,Work Setting: Schools,Est. Pay: $28 / Hour,,Posted Date: 4/25/2025,"The School Nurse assumesresponsibility and accountability for the application of the nursing processand the delivery of student/client care and/or contracted services in a schoolsetting. The School Nurse may also be in a supervisory position within the contractedservices. The School Nurse provides services in accordance with Amergis Healthcare Staffing’s philosophy, standards, policies and physician orders. 
 Minimum Requirements:


Graduate of an accreditedregistered, practical or vocational nursing program 
Licensed as a LicensedPractical, Licensed Vocational or Registered Nurse in state(s) where practicing
One year of professionalexperience, preferred
Current CPR 
PPD or chest x-ray if applicable
Current Health certificate (percontract or state regulation) 
Must meet all federal, state andlocal requirements
Must be at least 18 years of age 









Benefits
At Amergis, we firmly believe that our employees are the heartbeat of our organization and we are happy to offer the following benefits:


Competitive pay & weekly paychecks
Health, dental, vision, and life insurance
401(k) savings plan
Awards and recognition programs 

*Benefit eligibility is dependent on employment status. 
												
About Amergis
Amergis, formerly known as Maxim Healthcare Staffing, has served our clients and communities by connecting people to the work that matters since 1988. We provide meaningful opportunities to our extensive network of healthcare and school-based professionals, ready to work in any hospital, government facility, or school. Through partnership and innovation, Amergis creates unmatched staffing experiences to deliver the best workforce solutions.  
						
Amergis is an equal opportunity/affirmative action employer. All qualified applicants will receive consideration for employment without regard to sex, gender identity, sexual orientation, race, color, religion, national origin, disability, protected Veteran status, age, or any other characteristic protected by law.",https://careers.amergis.com/job/867515-lpn-school-nurse-25-26-sy-land-o-lakes-florida/
SLP Role - 25/26 School Year - Very Competitive Pay!,"Grants Pass, Oregon",Category: Education,,Contract Duration: 39 Weeks,,,Contract Duration: 39 Weeks,Work Setting: Schools,Est. Pay: $1246 / Week,,Posted Date: 7/23/2025,"?? Speech Language Pathologists – Grants Pants, OR!
$2,800+Wkly – W2 – Benefits – 401K
 
Help empower students thrive and communicate with confidence!??
 
If this opportunity doesn’t check all your boxes, location, pay or other, I have plenty of others that might be a better fit!
 
Know another School Based Professional looking? I’m happy to help?? 
Located in another state or area? I hire Nationally??? 
 
Reach out to set up some time to discuss!
?? Rayulo@amergis.com
?? 813-261-5525

Benefits
At Amergis, we firmly believe that our employees are the heartbeat of our organization and we are happy to offer the following benefits:


Competitive pay & weekly paychecks
Health, dental, vision, and life insurance
401(k) savings plan
Awards and recognition programs 

*Benefit eligibility is dependent on employment status. 
												
About Amergis
Amergis, formerly known as Maxim Healthcare Staffing, has served our clients and communities by connecting people to the work that matters since 1988. We provide meaningful opportunities to our extensive network of healthcare and school-based professionals, ready to work in any hospital, government facility, or school. Through partnership and innovation, Amergis creates unmatched staffing experiences to deliver the best workforce solutions.  
						
Amergis is an equal opportunity/affirmative action employer. All qualified applicants will receive consideration for employment without regard to sex, gender identity, sexual orientation, race, color, religion, national origin, disability, protected Veteran status, age, or any other characteristic protected by law.",https://careers.amergis.com/job/885647-slp-role-25-26-school-year-very-competitive-pay-grants-pass-oregon/
Special Education Teacher 25/26,"Covina, California",Category: Education,,Contract - Full Time,,,Contract Duration: 52 Weeks,Work Setting: Schools,Est. Pay: $55 / Hour,,Posted Date: 6/24/2025,"WE ARE HIRING GREAT PEOPLE FOR NEXT SCHOOL YEAR!
Mild/ Mod: $50-$55
Mod/ Severe: $60/$65 
LOCATION: Multiple needs across LA
The Special Education Teacher, under the direction of the Special Education Program Administrator provides quality services to special education students, kindergarten through grade 12.  The Special Education Teacher has a commitment to team participation in planning and implementation of student programs including special instruction, tutorial assistance and consultation with general education staff.  
Minimum Requirements:  


Bachelor’s Degree from an accredited university preferred 
Valid state teaching certificate as required by state, contract/district regulations 
Minimum of one year experience in teaching environment preferred 
State Teacher Certification; Type: Standard Elementary Teaching preferred
State Teacher Certification; Type: Standard Secondary Teaching preferred
State Teacher Certification; Type: Standard Special Teaching preferred
Endorsement: Learning Behavior Specialist (LBS1) preferred
Current CPR if applicable 
TB Questionnaire, PPD or chest x-ray if applicable 
Current Health certificate (per contract or state regulation) 
Must meet all federal, state and local requirements 
Must be at least 18 years of age 

Position – Special Education Teacher (25/26) (971129)




Benefits
At Amergis, we firmly believe that our employees are the heartbeat of our organization and we are happy to offer the following benefits:


Competitive pay & weekly paychecks
Health, dental, vision, and life insurance
401(k) savings plan
Awards and recognition programs 

*Benefit eligibility is dependent on employment status. 
												
About Amergis
Amergis, formerly known as Maxim Healthcare Staffing, has served our clients and communities by connecting people to the work that matters since 1988. We provide meaningful opportunities to our extensive network of healthcare and school-based professionals, ready to work in any hospital, government facility, or school. Through partnership and innovation, Amergis creates unmatched staffing experiences to deliver the best workforce solutions.  
						
Amergis is an equal opportunity/affirmative action employer. All qualified applicants will receive consideration for employment without regard to sex, gender identity, sexual orientation, race, color, religion, national origin, disability, protected Veteran status, age, or any other characteristic protected by law.",https://careers.amergis.com/job/879094-special-education-teacher-25-26-covina-california/
Speech Language Pathologist - Schools,"Lompoc, California",Category: Education,,Contract Duration: 32 Weeks,,,Contract Duration: 32 Weeks,Work Setting: Schools,Est. Pay: $4029 / Week,,Posted Date: 7/21/2025,"Position: Speech-Language Pathologist (SLP)  Location: Lompoc, CA  Setting: K–12 School-Based  Start Date: August 19, 2025  Schedule: Monday–Friday, 37.5 hours/week  Pay: $4,000/week (Travel) or $100/hour (Local)
Overview:  Amergis Staffing is hiring a licensed Speech-Language Pathologist to support students in Lompoc for the 2025–2026 school year. This full-time, onsite role includes direct therapy, evaluations, and IEP collaboration across multiple school sites.
Responsibilities:


Conduct speech and language assessments


Develop and implement individualized treatment plans


Deliver direct and consultative therapy services


Participate in IEP meetings and collaborate with school teams


Maintain accurate documentation and progress tracking


Qualifications:


Master’s degree in Speech-Language Pathology


Active California SLP license


Certificate of Clinical Competence (CCC-SLP) preferred


School-based experience preferred


CPR certification and health clearance


Benefits:


Weekly direct deposit


Medical, dental, and vision insurance


401(k) with employer match


CEU and licensure reimbursement





Benefits
At Amergis, we firmly believe that our employees are the heartbeat of our organization and we are happy to offer the following benefits:


Competitive pay & weekly paychecks
Health, dental, vision, and life insurance
401(k) savings plan
Awards and recognition programs 

*Benefit eligibility is dependent on employment status. 
												
About Amergis
Amergis, formerly known as Maxim Healthcare Staffing, has served our clients and communities by connecting people to the work that matters since 1988. We provide meaningful opportunities to our extensive network of healthcare and school-based professionals, ready to work in any hospital, government facility, or school. Through partnership and innovation, Amergis creates unmatched staffing experiences to deliver the best workforce solutions.  
						
Amergis is an equal opportunity/affirmative action employer. All qualified applicants will receive consideration for employment without regard to sex, gender identity, sexual orientation, race, color, religion, national origin, disability, protected Veteran status, age, or any other characteristic protected by law.",https://careers.amergis.com/job/884700-speech-language-pathologist-schools-lompoc-california/
25/ 26 SY- Teachers Needed. General and Special Education Needed in Atlanta Area,"Atlanta, Georgia",Category: Education,,Contract - Full Time,,,Contract Duration: 32 Weeks,Work Setting: Schools,Est. Pay: $1312 / Week,,Posted Date: 5/12/2025,"Teachers needed in Northeast GA and Metro Counties. Georgia Certification required. Full-time, in-person, is required for this role. Virtual instruction is not available. 

The Special Education Teacher, under the direction of the Special Education Program Administrator provides quality services to special education students, kindergarten through grade 12.  The Special Education Teacher has a commitment to team participation in planning and implementation of student programs including special instruction, tutorial assistance and consultation with general education staff.   
Minimum Requirements:  


Bachelor’s Degree from an accredited university preferred  
Valid state teaching certificate as required by state, contract/district regulations  
Minimum of one year experience in teaching environment preferred  
State Teacher Certification; Type: Standard Elementary Teaching preferred 
State Teacher Certification; Type: Standard Secondary Teaching preferred 
State Teacher Certification; Type: Standard Special Teaching preferred 
Endorsement: Learning Behavior Specialist (LBS1) preferred
Current CPR if applicable  
TB Questionnaire, PPD or chest x-ray if applicable  
Current Health certificate (per contract or state regulation)  
Must meet all federal, state and local requirements 
Must be at least 18 years of age 

#LI-JD5

Benefits
At Amergis, we firmly believe that our employees are the heartbeat of our organization and we are happy to offer the following benefits:


Competitive pay & weekly paychecks
Health, dental, vision, and life insurance
401(k) savings plan
Awards and recognition programs 

*Benefit eligibility is dependent on employment status. 
												
About Amergis
Amergis, formerly known as Maxim Healthcare Staffing, has served our clients and communities by connecting people to the work that matters since 1988. We provide meaningful opportunities to our extensive network of healthcare and school-based professionals, ready to work in any hospital, government facility, or school. Through partnership and innovation, Amergis creates unmatched staffing experiences to deliver the best workforce solutions.  
						
Amergis is an equal opportunity/affirmative action employer. All qualified applicants will receive consideration for employment without regard to sex, gender identity, sexual orientation, race, color, religion, national origin, disability, protected Veteran status, age, or any other characteristic protected by law.",https://careers.amergis.com/job/870412-25-26-sy-teachers-needed-general-and-special-education-needed-in-atlanta-area-atlanta-georgia/
School Psychologist,"Roselle, Illinois",Category: Education,,Contract - Full Time,,,Contract Duration: 39 Weeks,Work Setting: Schools,Est. Pay: $2062 / Week,,Posted Date: 7/25/2025,"The School Psychologist works to support students through a variety of mental health and developmental issues and aids in qualifying students for additional support services.  The School Psychologist is responsible for providing on-site psychological services to students under the jurisdiction of the state and district.  
Minimum Requirements:  


Must maintain current State licensures and/or certifications in state of assignment  
Experience in pediatric and adolescent population is preferred  
Master’s degree in psychology preferred  
Complies with all relevant professional standards of practice  
Current CPR if applicable  
TB questionnaire, PPD or chest x-ray if applicable  
Current Health certificate (per contract or state regulation)  
Must meet all federal, state and local requirements  
Must be at least 18 years of age  

































Benefits
At Amergis, we firmly believe that our employees are the heartbeat of our organization and we are happy to offer the following benefits:


Competitive pay & weekly paychecks
Health, dental, vision, and life insurance
401(k) savings plan
Awards and recognition programs 

*Benefit eligibility is dependent on employment status. 
												
About Amergis
Amergis, formerly known as Maxim Healthcare Staffing, has served our clients and communities by connecting people to the work that matters since 1988. We provide meaningful opportunities to our extensive network of healthcare and school-based professionals, ready to work in any hospital, government facility, or school. Through partnership and innovation, Amergis creates unmatched staffing experiences to deliver the best workforce solutions.  
						
Amergis is an equal opportunity/affirmative action employer. All qualified applicants will receive consideration for employment without regard to sex, gender identity, sexual orientation, race, color, religion, national origin, disability, protected Veteran status, age, or any other characteristic protected by law.",https://careers.amergis.com/job/886000-school-psychologist-roselle-illinois/
"Elementary School Psychologist | Clinton, MA","Clinton, Massachusetts",Category: Education,,Contract - Full Time,,,Contract Duration: 36 Weeks,Work Setting: Schools,Est. Pay: $2437 / Week,,Posted Date: 7/18/2025,"Elementary School Psychologist – Clinton, MA
$1500 Sign on Bonus!
25/26 School Year
Contract Position | Full-Time SchedulePartnered with a Respected Local School District

Amergis Healthcare Staffing is proud to partner with a well-regarded elementary school in Clinton, MA, currently seeking a full-time School Psychologist to join their team for the 2025–2026 academic year. This is a rewarding opportunity to support young learners in a collaborative and inclusive environment.

Position OverviewAs a School Psychologist, you will play a key role in supporting students in grades 2–4 through evaluations, counseling, and collaboration with the IEP team. Your work will help ensure that each student receives the support they need to thrive academically and emotionally.
Schedule

Monday – Friday, approximately 8:00 AM – 3:00 PM
Start Date: August 27 (with potential orientation/setup on August 25–26)

Pay Rate: $75/hr **$1500 sign on BONUS** (paid out after first week of work)
Key Responsibilities

Conduct psychological testing, evaluations, and re-evaluations
Provide 1:1 and small group counseling as needed
Collaborate with the IEP team to develop and implement student plans
Support the emotional and academic development of students

Qualifications

Active School Psychologist certification in Massachusetts
Experience working with elementary-aged children preferred
Strong communication and collaboration skills


District Requirements:


School CORI
Fingerprinting


If you’re passionate about supporting student success and want to be part of a dedicated educational team, we’d love to hear from you!

ContactSteph KolankoAmergis Staffing | Educational ServicesCall or Text: 781-400-8297Email: stkolank@amergis.com


































Benefits
At Amergis, we firmly believe that our employees are the heartbeat of our organization and we are happy to offer the following benefits:


Competitive pay & weekly paychecks
Health, dental, vision, and life insurance
401(k) savings plan
Awards and recognition programs 

*Benefit eligibility is dependent on employment status. 
												
About Amergis
Amergis, formerly known as Maxim Healthcare Staffing, has served our clients and communities by connecting people to the work that matters since 1988. We provide meaningful opportunities to our extensive network of healthcare and school-based professionals, ready to work in any hospital, government facility, or school. Through partnership and innovation, Amergis creates unmatched staffing experiences to deliver the best workforce solutions.  
						
Amergis is an equal opportunity/affirmative action employer. All qualified applicants will receive consideration for employment without regard to sex, gender identity, sexual orientation, race, color, religion, national origin, disability, protected Veteran status, age, or any other characteristic protected by law.",https://careers.amergis.com/job/884517-elementary-school-psychologist-clinton-ma-clinton-massachusetts/
Speech Language Pathologist 25/26 School Year,"Knoxville, Tennessee",Category: Education,,Contract - Full Time,,,Contract Duration: 39 Weeks,Work Setting: Schools,Est. Pay: $2175 / Week,,Posted Date: 4/30/2025,"The Speech-Language Pathologist in the school setting isresponsible for performing student evaluations as well as providing anddocumenting therapy services in accordance with the plan of care developed foreach individual student and the physician’s orders. 
Minimum Requirements:


Active Speech Language Pathologist (SLP) Licensure in thestate of assignment required 
Certificate of Clinical Competence in Speech-LanguagePathology (CCC-SLP) preferred and may be required by state/contract. 
Current CPR if applicable 
TB questionnaire, PPD or chest x-ray if applicable  
Current Health certificate (per contract or stateregulation)  
Must meet all federal, state and local requirements 
Must be at least 18 years of age 


Benefits
At Amergis, we firmly believe that our employees are the heartbeat of our organization and we are happy to offer the following benefits:


Competitive pay & weekly paychecks
Health, dental, vision, and life insurance
401(k) savings plan
Awards and recognition programs 

*Benefit eligibility is dependent on employment status. 
												
About Amergis
Amergis, formerly known as Maxim Healthcare Staffing, has served our clients and communities by connecting people to the work that matters since 1988. We provide meaningful opportunities to our extensive network of healthcare and school-based professionals, ready to work in any hospital, government facility, or school. Through partnership and innovation, Amergis creates unmatched staffing experiences to deliver the best workforce solutions.  
						
Amergis is an equal opportunity/affirmative action employer. All qualified applicants will receive consideration for employment without regard to sex, gender identity, sexual orientation, race, color, religion, national origin, disability, protected Veteran status, age, or any other characteristic protected by law.",https://careers.amergis.com/job/868244-speech-language-pathologist-25-26-school-year-knoxville-tennessee/
Weekly Pay! Skilled Behavioral Technician,"Los Angeles, California",Category: Education,,Contract - Full Time,,,Contract Duration: 52 Weeks,Work Setting: Schools,Est. Pay: $19 / Hour,,Posted Date: 7/23/2025,"Weekly Pay Rate: $20 – $25/HR
The Behavior Technician works to facilitate educational and behavioral services with children and adults with special needs and collaborates with school professionals and other behavioral specialists to achieve learning and behavioral goals and objectives.
Essential Duties and Responsibilities:


Follows instructions from the BCBA, teacher, and/or program supervisor
Implements behavior management techniques in the form of prevention, intervention, and consequence strategies
Provides crisis intervention
Reviews and implements behavior intervention plans
Reviews and performs tasks to behavioral and ABA goals found within an IEP at the direction of an instructor
Assists in facilitating academic instruction at the direction of an instructor
Assists in facilitating SLP, OT, and PT development plans
Documents session per policies and procedures
Collects behavioral and academic data accurately and efficiently
Strictly adheres to confidentiality requirements
Assists students in the development of independent daily living skills through self-care activities such as toileting, clothing routines, and personal hygiene
Supports students across environments (i.e. classroom, playground, lunch room, gym, sensory room, library, etc.)
Performs other duties as assigned/necessary

Minimum Requirements:


High School diploma or equivalent required
Two (2) years of pediatric experience preferred
Complies with all relevant professional standards of practice 
Participation and completion of Amergis’ Competency program when applicable
Current CPR if applicable
TB questionnaire, PPD or chest x-ray if applicable 
Current health certificate (per contract or state regulation) 
Must meet all federal, state and local requirements 
Successful completion of new hire training as applicable to job site                  
Understand patient confidentiality and HIPAA requirements  
Ability to effectively elicit/provide information to and from appropriate individuals (including, but not limited to, supervisors, co-workers, clients) via strong communication skills; proficiency in the English language is required  
Computer proficiency required 
Must be at least 18 years of age

Benefits
At Amergis, we firmly believe that our employees are the heartbeat of our organization and we are happy to offer the following benefits:


Competitive pay & weekly paychecks
Health, dental, vision, and life insurance
401(k) savings plan
Awards and recognition programs 


*Benefit eligibility is dependent on employment status. 

About Amergis
Amergis, formerly known as Amergis Healthcare Staffing, has served our clients and communities by connecting people to the work that matters since 1988. We provide meaningful opportunities to our extensive network of healthcare and school-based professionals, ready to work in any hospital, government facility, or school. Through partnership and innovation, Amergis creates unmatched staffing experiences to deliver the best workforce solutions.  

Amergis is an equal opportunity/affirmative action employer. All qualified applicants will receive consideration for employment without regard to sex, gender identity, sexual orientation, race, color, religion, national origin, disability, protected Veteran status, age, or any other characteristic protected by law.
Benefits
At Amergis, we firmly believe that our employees are the heartbeat of our organization and we are happy to offer the following benefits:


Competitive pay & weekly paychecks
Health, dental, vision, and life insurance
401(k) savings plan
Awards and recognition programs 

*Benefit eligibility is dependent on employment status. 
												
About Amergis
Amergis, formerly known as Maxim Healthcare Staffing, has served our clients and communities by connecting people to the work that matters since 1988. We provide meaningful opportunities to our extensive network of healthcare and school-based professionals, ready to work in any hospital, government facility, or school. Through partnership and innovation, Amergis creates unmatched staffing experiences to deliver the best workforce solutions.  
						
Amergis is an equal opportunity/affirmative action employer. All qualified applicants will receive consideration for employment without regard to sex, gender identity, sexual orientation, race, color, religion, national origin, disability, protected Veteran status, age, or any other characteristic protected by law.",https://careers.amergis.com/job/885477-weekly-pay-skilled-behavioral-technician-los-angeles-california/
Special Education Teacher 25/26 School Year,"Stanton, Michigan",Category: Education,,Contract - Full Time,,,Contract Duration: 40 Weeks,Work Setting: Schools,Est. Pay: $1575 / Week,,Posted Date: 8/9/2025,"The Special Education Teacher, under the direction of theSpecial Education Program Administrator provides quality services to specialeducation students, kindergarten through grade 12.  The Special Education Teacher has acommitment to team participation in planning and implementation of studentprograms including special instruction, tutorial assistance and consultationwith general education staff.   
Minimum Requirements:  


Bachelor’s Degree from an accredited universitypreferred  
Valid state teaching certificate as required by state,contract/district regulations  
Minimum of one year experience in teaching environmentpreferred  
State Teacher Certification; Type: Standard ElementaryTeaching preferred 
State Teacher Certification; Type: Standard SecondaryTeaching preferred 
State Teacher Certification; Type: Standard Special Teachingpreferred 
Endorsement: Learning Behavior Specialist (LBS1) preferred 
Complies with all relevant professional standards ofpractice  
Current CPR if applicable 
TB questionnaire, PPD or chest x-ray if applicable  
Current Health certificate (per contract or stateregulation)  
Must meet all federal, state and local requirements  
Must be at least 18 years of age  


Benefits
At Amergis, we firmly believe that our employees are the heartbeat of our organization and we are happy to offer the following benefits:


Competitive pay & weekly paychecks
Health, dental, vision, and life insurance
401(k) savings plan
Awards and recognition programs 

*Benefit eligibility is dependent on employment status. 
												
About Amergis
Amergis, formerly known as Maxim Healthcare Staffing, has served our clients and communities by connecting people to the work that matters since 1988. We provide meaningful opportunities to our extensive network of healthcare and school-based professionals, ready to work in any hospital, government facility, or school. Through partnership and innovation, Amergis creates unmatched staffing experiences to deliver the best workforce solutions.  
						
Amergis is an equal opportunity/affirmative action employer. All qualified applicants will receive consideration for employment without regard to sex, gender identity, sexual orientation, race, color, religion, national origin, disability, protected Veteran status, age, or any other characteristic protected by law.",https://careers.amergis.com/job/889445-special-education-teacher-25-26-school-year-stanton-michigan/
Now Hiring. School Nurses (LVN),"Walnut, California",Category: Education,,Contract - Full Time,,,Contract Duration: 32 Weeks,Work Setting: Schools,Est. Pay: $20 / Hour,,Posted Date: 8/1/2025,"NowHiring: School Nurses (LVN) – Make a Difference in Students’ Lives! 
Locations: Walnut, Glendora, Claremont
Start Date: August | Schedule: Part-Time & Full-Time
Pay Rate: $30–$37/hour
Areyou a compassionate and dedicated nurse ready to support student health andwell-being? Join Amergis HealthcareStaffing as a School Nurse andbecome a vital part of a caring educational community!
What You’ll Do:

Deliver high-quality     nursing care to students in a school setting
Apply the nursing process     with responsibility and accountability
Follow physician orders     and Amergis Healthcare’s standards and policies
May supervise other     healthcare staff within contracted services

Requirements:

Graduate of an accredited     nursing program (LPN, LVN, or RN)
Active nursing license in     California
1 year of professional     experience (preferred)
Current CPR certification
PPD or chest x-ray (if     applicable)
Current health certificate     (as required)
Must meet all federal,     state, and local requirements
Must be at least 18 years     old

 
Whetheryou’re looking for a flexible part-timerole or a full-time opportunity,we have a position for you starting this August!

Apply today and help shape a healthierfuture for students in your community!


Benefits
At Amergis, we firmly believe that our employees are the heartbeat of our organization and we are happy to offer the following benefits:


Competitive pay & weekly paychecks
Health, dental, vision, and life insurance
401(k) savings plan
Awards and recognition programs 

*Benefit eligibility is dependent on employment status. 
												
About Amergis
Amergis, formerly known as Maxim Healthcare Staffing, has served our clients and communities by connecting people to the work that matters since 1988. We provide meaningful opportunities to our extensive network of healthcare and school-based professionals, ready to work in any hospital, government facility, or school. Through partnership and innovation, Amergis creates unmatched staffing experiences to deliver the best workforce solutions.  
						
Amergis is an equal opportunity/affirmative action employer. All qualified applicants will receive consideration for employment without regard to sex, gender identity, sexual orientation, race, color, religion, national origin, disability, protected Veteran status, age, or any other characteristic protected by law.",https://careers.amergis.com/job/887828-now-hiring-school-nurses-lvn-walnut-california/
"LPN's in Jefferson County, KY!","Louisville, Kentucky",Category: Education,,Contract - Full Time,,,Contract Duration: 36 Weeks,Work Setting: Schools,Est. Pay: $937 / Week,,Posted Date: 5/9/2025,"The School Nurse assumes responsibility and accountability for the application of the nursing process and the delivery of student/client care and/or contracted services in a school setting. The School Nurse may also be in a supervisory position within the contracted services. The School Nurse provides services in accordance with Amergis Healthcare’s philosophy, standards, policies and physician orders.
 Minimum Requirements:

Graduate of an accredited registered, practical or vocational nursing program
Licensed as a Licensed Practical, Licensed Vocational or Registered Nurse in state(s) where practicing
One year of professional experience, preferred
Current CPR
PPD or chest x-ray if applicable
Current Health certificate (per contract or state regulation)
Must meet all federal, state and local requirements
Must be at least 18 years of age 

Benefits
At Amergis, we firmly believe that our employees are the heartbeat of our organization and we are happy to offer the following benefits:


Competitive pay & weekly paychecks
Health, dental, vision, and life insurance
401(k) savings plan
Awards and recognition programs 

*Benefit eligibility is dependent on employment status. 
												
About Amergis
Amergis, formerly known as Maxim Healthcare Staffing, has served our clients and communities by connecting people to the work that matters since 1988. We provide meaningful opportunities to our extensive network of healthcare and school-based professionals, ready to work in any hospital, government facility, or school. Through partnership and innovation, Amergis creates unmatched staffing experiences to deliver the best workforce solutions.  
						
Amergis is an equal opportunity/affirmative action employer. All qualified applicants will receive consideration for employment without regard to sex, gender identity, sexual orientation, race, color, religion, national origin, disability, protected Veteran status, age, or any other characteristic protected by law.",https://careers.amergis.com/job/870238-lpns-in-jefferson-county-ky-louisville-kentucky/
Speech Language Pathologist - Ontario - Looking fo,"Ontario, California",Category: Education,,Contract - Full Time,,,Contract Duration: 36 Weeks,Work Setting: Schools,Est. Pay: $3780 / Week,,Posted Date: 7/17/2025,"HiringSLPs for the 2025-2026 school year.
M-F – Fulltime and Part time opportunities position
$85 – $95(depending on experience)
Let meknow if you’re interested in a Different Location, We Staff Nationwide!!!

InterviewTODAY!! Email: chthornt @ amergis .com

The Speech-Language Pathologist in the school setting isresponsible for performing student evaluations as well as providing anddocumenting therapy services in accordance with the plan of care developed foreach individual student and the physician’s orders. 
Minimum Requirements: 


Active  SpeechLanguage Pathologist (SLP) Licensure in the state of assignment required 
Certificate of Clinical Competence in Speech-LanguagePathology (CCC-SLP) preferred and may be required by state/contract.  
Complies with all relevant professional standards ofpractice  
Current CPR if applicable 
TB questionnaire, PPD or chest x-ray if applicable  
Current Health certificate (per contract or stateregulation)  
Must meet all federal, state and local requirements  
Must be at least 18 years of age  



Benefits
At Amergis, we firmly believe that our employees are the heartbeat of our organization and we are happy to offer the following benefits:


Competitive pay & weekly paychecks
Health, dental, vision, and life insurance
401(k) savings plan
Awards and recognition programs 

*Benefit eligibility is dependent on employment status. 
												
About Amergis
Amergis, formerly known as Maxim Healthcare Staffing, has served our clients and communities by connecting people to the work that matters since 1988. We provide meaningful opportunities to our extensive network of healthcare and school-based professionals, ready to work in any hospital, government facility, or school. Through partnership and innovation, Amergis creates unmatched staffing experiences to deliver the best workforce solutions.  
						
Amergis is an equal opportunity/affirmative action employer. All qualified applicants will receive consideration for employment without regard to sex, gender identity, sexual orientation, race, color, religion, national origin, disability, protected Veteran status, age, or any other characteristic protected by law.",https://careers.amergis.com/job/884115-speech-language-pathologist-ontario-looking-fo-ontario-california/
School RN - BSN Required,"Orange, California",Category: Education,,Contract - Full Time,,,Contract Duration: 52 Weeks,Work Setting: Schools,Est. Pay: $2400 / Week,,Posted Date: 6/27/2025,"Must be an RN
Must have School Credential – Preliminary Credential is accepted
Must have Bachelor’s Degree 


Full- Time SCRN role for School District for 25-26 School Year
Benefits
At Amergis, we firmly believe that our employees are the heartbeat of our organization and we are happy to offer the following benefits:


Competitive pay & weekly paychecks
Health, dental, vision, and life insurance
401(k) savings plan
Awards and recognition programs 

*Benefit eligibility is dependent on employment status. 
												
About Amergis
Amergis, formerly known as Maxim Healthcare Staffing, has served our clients and communities by connecting people to the work that matters since 1988. We provide meaningful opportunities to our extensive network of healthcare and school-based professionals, ready to work in any hospital, government facility, or school. Through partnership and innovation, Amergis creates unmatched staffing experiences to deliver the best workforce solutions.  
						
Amergis is an equal opportunity/affirmative action employer. All qualified applicants will receive consideration for employment without regard to sex, gender identity, sexual orientation, race, color, religion, national origin, disability, protected Veteran status, age, or any other characteristic protected by law.",https://careers.amergis.com/job/879985-school-rn-bsn-required-orange-california/
Part Time Physical Therapist (School),"Perris, California",Category: Education,,Contract - Part Time,,,Contract Duration: 36 Weeks,Work Setting: Schools,Est. Pay: $1428 / Week,,Posted Date: 8/11/2025,"The Physical Therapist is responsible for performing student evaluations, as well as providing and documenting therapy services in accordance with plan of care developed for each student and per physician’s orders when applicable. 
Minimum Requirements: 


Current licensure as a Physical Therapist in the state of practice 
Graduate of an accredited school of Physical Therapy 
One (1) year of prior professional Physical Therapy experience preferred 
Complies with all relevant professional standards of practice 
Current CPR if applicable
TB questionnaire, PPD or chest x-ray if applicable 
Current Health certificate (per contract or state regulation) 
Must meet all federal, state and local requirements 
Must be at least 18 years of age


Benefits
At Amergis, we firmly believe that our employees are the heartbeat of our organization and we are happy to offer the following benefits:


Competitive pay & weekly paychecks
Health, dental, vision, and life insurance
401(k) savings plan
Awards and recognition programs 

*Benefit eligibility is dependent on employment status. 
												
About Amergis
Amergis, formerly known as Maxim Healthcare Staffing, has served our clients and communities by connecting people to the work that matters since 1988. We provide meaningful opportunities to our extensive network of healthcare and school-based professionals, ready to work in any hospital, government facility, or school. Through partnership and innovation, Amergis creates unmatched staffing experiences to deliver the best workforce solutions.  
						
Amergis is an equal opportunity/affirmative action employer. All qualified applicants will receive consideration for employment without regard to sex, gender identity, sexual orientation, race, color, religion, national origin, disability, protected Veteran status, age, or any other characteristic protected by law.",https://careers.amergis.com/job/889645-part-time-physical-therapist-school-perris-california/
Mental Health Technician,"Tacoma, Washington",Category: Education,,Contract - Full Time,,,Contract Duration: 26 Weeks,Work Setting: Schools,Est. Pay: $26 / Hour,,Posted Date: 8/7/2025,"The Mental / Psychiatric Health Technician cares for individuals with psychiatric conditions as well as a variety of substance use disorders, following the instructions of physicians, nurses or other health practitioners. The Behavioral Health Technician monitors a patients’ safety, physical and emotional well-being and report directly to medical staff.
Minimum Requirements:


High School diploma or equivalent required
Associate’s degree in behavioral studies or related field, or equivalent experience preferred (or per facility requirements)
Minimum of one (1) year relevant experience preferred
Current CPR if applicable
TB Questionnaire, PPD or chest x-ray if applicable 
Current Health certificate (per contract or state regulation) 
Must meet all federal, state and local requirements 
Must be at least 18 years of age



General Comments








Required Certifications/License



Agency Affiliated Counselor (AAC)
 
1 or more years of experience working with patients in the behavioral health field required OR Bachelor’s degree in the social services field.
 
 
First Aid/CPR certification within 30 days of hire and required recertification annually thereafter.
 
Must obtain a Food Handlers card within 7 days of hire and maintain throughout employment.










Benefits
At Amergis, we firmly believe that our employees are the heartbeat of our organization and we are happy to offer the following benefits:


Competitive pay & weekly paychecks
Health, dental, vision, and life insurance
401(k) savings plan
Awards and recognition programs 

*Benefit eligibility is dependent on employment status. 
												
About Amergis
Amergis, formerly known as Maxim Healthcare Staffing, has served our clients and communities by connecting people to the work that matters since 1988. We provide meaningful opportunities to our extensive network of healthcare and school-based professionals, ready to work in any hospital, government facility, or school. Through partnership and innovation, Amergis creates unmatched staffing experiences to deliver the best workforce solutions.  
						
Amergis is an equal opportunity/affirmative action employer. All qualified applicants will receive consideration for employment without regard to sex, gender identity, sexual orientation, race, color, religion, national origin, disability, protected Veteran status, age, or any other characteristic protected by law.",https://careers.amergis.com/job/889175-mental-health-technician-tacoma-washington/
Special Education Teacher,"Monroe, Michigan",Category: Education,,Contract - Full Time,,,Contract Duration: 40 Weeks,Work Setting: Schools,Est. Pay: $1575 / Week,,Posted Date: 5/5/2025,"The Special Education Teacher, under the direction of theSpecial Education Program Administrator provides quality services to specialeducation students, kindergarten through grade 12.  The Special Education Teacher has a commitmentto team participation in planning and implementation of student programsincluding special instruction, tutorial assistance and consultation withgeneral education staff.   
Minimum Requirements:  


Bachelor’s Degree from an accredited universitypreferred  
Valid state teaching certificate as required by state,contract/district regulations  
Minimum of one year experience in teaching environmentpreferred  
State Teacher Certification; Type: Standard ElementaryTeaching preferred 
State Teacher Certification; Type: Standard SecondaryTeaching preferred 
State Teacher Certification; Type: Standard Special Teachingpreferred 
Endorsement: Learning Behavior Specialist (LBS1) preferred
Current CPR if applicable 
TB Questionnaire, PPD or chest x-ray if applicable  
Current Health certificate (per contract or stateregulation)  
Must meet all federal, state and local requirements 
Must be at least 18 years of age 

Benefits
At Amergis, we firmly believe that our employees are the heartbeat of our organization and we are happy to offer the following benefits:


Competitive pay & weekly paychecks
Health, dental, vision, and life insurance
401(k) savings plan
Awards and recognition programs 

*Benefit eligibility is dependent on employment status. 
												
About Amergis
Amergis, formerly known as Maxim Healthcare Staffing, has served our clients and communities by connecting people to the work that matters since 1988. We provide meaningful opportunities to our extensive network of healthcare and school-based professionals, ready to work in any hospital, government facility, or school. Through partnership and innovation, Amergis creates unmatched staffing experiences to deliver the best workforce solutions.  
						
Amergis is an equal opportunity/affirmative action employer. All qualified applicants will receive consideration for employment without regard to sex, gender identity, sexual orientation, race, color, religion, national origin, disability, protected Veteran status, age, or any other characteristic protected by law.",https://careers.amergis.com/job/868928-special-education-teacher-monroe-michigan/
School Teacher,"Beloit, Wisconsin",Category: Education,,Contract Duration: 39 Weeks,,,Contract Duration: 39 Weeks,Work Setting: Schools,Est. Pay: $1968 / Week,,Posted Date: 7/14/2025,"The School Teacher implements the daily instructional plansof the classroom teacher in an effective manner.  The School Teacher maintains a classenvironment favorable to learning and personal growth and establishes effectiverapport with pupils while maintaining proper classroom management.  The School Teacher works effectively with thebuilding administrator and other teachers. 
Multiple Position available
Must be license in WI
In-Person
Call or Text: 813-280-8809
Email: Jearisti@amergis.com 
Minimum Requirements:  


Bachelor’s Degree or higher required  
Teacher license/certification, as applicable by state orcontract/district  
One year of experience as a school teacher, preferred  
Willingness and ability to accept direct responsibility forsafety, wellbeing, or work output of other people  
Ability to read and implement instructional plans,correspond with parents and administration, and effectively present informationand respond to questions from administration, parent, students, staff members,and the general public as requested  
Ability to work with basic mathematical concepts  
Complies with all relevant professional standards ofpractice  
Current CPR if applicable 
TB questionnaire, PPD or chest x-ray if applicable  
Current Health certificate (per contract or stateregulation)  
Must meet all federal, state and local requirements  
Must be at least 18 years of age  



Benefits
At Amergis, we firmly believe that our employees are the heartbeat of our organization and we are happy to offer the following benefits:


Competitive pay & weekly paychecks
Health, dental, vision, and life insurance
401(k) savings plan
Awards and recognition programs 

*Benefit eligibility is dependent on employment status. 
												
About Amergis
Amergis, formerly known as Maxim Healthcare Staffing, has served our clients and communities by connecting people to the work that matters since 1988. We provide meaningful opportunities to our extensive network of healthcare and school-based professionals, ready to work in any hospital, government facility, or school. Through partnership and innovation, Amergis creates unmatched staffing experiences to deliver the best workforce solutions.  
						
Amergis is an equal opportunity/affirmative action employer. All qualified applicants will receive consideration for employment without regard to sex, gender identity, sexual orientation, race, color, religion, national origin, disability, protected Veteran status, age, or any other characteristic protected by law.",https://careers.amergis.com/job/883108-school-teacher-beloit-wisconsin/
General Education Teacher 25/26 School Year,"Marion, South Carolina",Category: Education,,Contract Duration: 39 Weeks,,,Contract Duration: 39 Weeks,Work Setting: Schools,Est. Pay: $1675 / Week,,Posted Date: 6/2/2025,"The School Teacher implements the daily instructional plansof the classroom teacher in an effective manner. The School Teacher maintains aclass environment favorable to learning and personal growth and establisheseffective rapport with pupils while maintaining proper classroom management.The School Teacher works effectively with the building administrator and otherteachers.  
Minimum Requirements: 


Bachelor’s Degree or higher required  
Teacher license/certification, as applicable by state orcontract/district  
One year of experience as a school teacher, preferred  
Current CPR if applicable 
TB Questionnaire, PPD or chest x-ray if applicable  
Current Health certificate (per contract or stateregulation)  
Must meet all federal, state and local requirements 
Must be at least 18 years of age 
Elementary, Middle School & High School


Benefits
At Amergis, we firmly believe that our employees are the heartbeat of our organization and we are happy to offer the following benefits:


Competitive pay & weekly paychecks
Health, dental, vision, and life insurance
401(k) savings plan
Awards and recognition programs 

*Benefit eligibility is dependent on employment status. 
												
About Amergis
Amergis, formerly known as Maxim Healthcare Staffing, has served our clients and communities by connecting people to the work that matters since 1988. We provide meaningful opportunities to our extensive network of healthcare and school-based professionals, ready to work in any hospital, government facility, or school. Through partnership and innovation, Amergis creates unmatched staffing experiences to deliver the best workforce solutions.  
						
Amergis is an equal opportunity/affirmative action employer. All qualified applicants will receive consideration for employment without regard to sex, gender identity, sexual orientation, race, color, religion, national origin, disability, protected Veteran status, age, or any other characteristic protected by law.",https://careers.amergis.com/job/874298-general-education-teacher-25-26-school-year-marion-south-carolina/
Paraprofessional - $18hr,"Papillion, Nebraska",Category: Education,,Contract - Full Time,,,Contract Duration: 32 Weeks,Work Setting: Schools,Est. Pay: $630 / Week,,Posted Date: 7/25/2025,"The School Aide is an individual who works with students requiring instructional, and/or behavioral assistance under the supervision of the special education department, teacher and/or supervising designee.  The School Aide may also provide support services to assist students with personal, physical mobility and therapeutic care needs, as established by a rehabilitation health practitioner, social worker or other health care professional.  
Minimum Requirements: 


High School diploma or equivalent required 
Comply with all relevant professional standards of practice  
Current CPR if applicable 
TB questionnaire, PPD or chest x-ray if applicable  
Current Health certificate (per contract or state regulation)  
Must meet all federal, state and local requirements   
Must be at least 18 years of age  



Benefits
At Amergis, we firmly believe that our employees are the heartbeat of our organization and we are happy to offer the following benefits:


Competitive pay & weekly paychecks
Health, dental, vision, and life insurance
401(k) savings plan
Awards and recognition programs 

*Benefit eligibility is dependent on employment status. 
												
About Amergis
Amergis, formerly known as Maxim Healthcare Staffing, has served our clients and communities by connecting people to the work that matters since 1988. We provide meaningful opportunities to our extensive network of healthcare and school-based professionals, ready to work in any hospital, government facility, or school. Through partnership and innovation, Amergis creates unmatched staffing experiences to deliver the best workforce solutions.  
						
Amergis is an equal opportunity/affirmative action employer. All qualified applicants will receive consideration for employment without regard to sex, gender identity, sexual orientation, race, color, religion, national origin, disability, protected Veteran status, age, or any other characteristic protected by law.",https://careers.amergis.com/job/886127-paraprofessional-18hr-papillion-nebraska/
